make  all-recursive
make[1]: Entering directory '/home/vboxuser/projects/asc-hq-codex'
Making all in source
make[2]: Entering directory '/home/vboxuser/projects/asc-hq-codex/source'
Making all in docs
make[3]: Entering directory '/home/vboxuser/projects/asc-hq-codex/source/docs'
Making all in en
make[4]: Entering directory '/home/vboxuser/projects/asc-hq-codex/source/docs/en'
make[4]: Nothing to be done for 'all'.
make[4]: Leaving directory '/home/vboxuser/projects/asc-hq-codex/source/docs/en'
make[4]: Entering directory '/home/vboxuser/projects/asc-hq-codex/source/docs'
make[4]: Nothing to be done for 'all-am'.
make[4]: Leaving directory '/home/vboxuser/projects/asc-hq-codex/source/docs'
make[3]: Leaving directory '/home/vboxuser/projects/asc-hq-codex/source/docs'
Making all in libs
make[3]: Entering directory '/home/vboxuser/projects/asc-hq-codex/source/libs'
Making all in triangul
make[4]: Entering directory '/home/vboxuser/projects/asc-hq-codex/source/libs/triangul'
/bin/bash ../../../libtool  --tag=CC   --mode=compile gcc -DHAVE_CONFIG_H -I. -I../../..   -I/usr/lib/x86_64-linux-gnu/wx/include/gtk3-unicode-3.2 -I/usr/include/wx-3.2 -D_FILE_OFFSET_BITS=64 -DWXUSINGDLL -D__WXGTK__  -g -O2 -D_UNIX_ -D_SDL_   -MT trimisc.lo -MD -MP -MF .deps/trimisc.Tpo -c -o trimisc.lo trimisc.c
/bin/bash ../../../libtool  --tag=CC   --mode=compile gcc -DHAVE_CONFIG_H -I. -I../../..   -I/usr/lib/x86_64-linux-gnu/wx/include/gtk3-unicode-3.2 -I/usr/include/wx-3.2 -D_FILE_OFFSET_BITS=64 -DWXUSINGDLL -D__WXGTK__  -g -O2 -D_UNIX_ -D_SDL_   -MT tri.lo -MD -MP -MF .deps/tri.Tpo -c -o tri.lo tri.c
libtool: compile:  gcc -DHAVE_CONFIG_H -I. -I../../.. -I/usr/lib/x86_64-linux-gnu/wx/include/gtk3-unicode-3.2 -I/usr/include/wx-3.2 -D_FILE_OFFSET_BITS=64 -DWXUSINGDLL -D__WXGTK__ -g -O2 -D_UNIX_ -D_SDL_ -MT tri.lo -MD -MP -MF .deps/tri.Tpo -c tri.c -o tri.o
libtool: compile:  gcc -DHAVE_CONFIG_H -I. -I../../.. -I/usr/lib/x86_64-linux-gnu/wx/include/gtk3-unicode-3.2 -I/usr/include/wx-3.2 -D_FILE_OFFSET_BITS=64 -DWXUSINGDLL -D__WXGTK__ -g -O2 -D_UNIX_ -D_SDL_ -MT trimisc.lo -MD -MP -MF .deps/trimisc.Tpo -c trimisc.c -o trimisc.o
trimisc.c: In function 'read_segments':
trimisc.c:74:3: warning: ignoring return value of 'fscanf' declared with attribute 'warn_unused_result' [-Wunused-result]
   74 |   fscanf(infile, "%d", &ncontours);
      |   ^~~~~~~~~~~~~~~~~~~~~~~~~~~~~~~~
trimisc.c:90:7: warning: ignoring return value of 'fscanf' declared with attribute 'warn_unused_result' [-Wunused-result]
   90 |       fscanf(infile, "%d", &npoints);
      |       ^~~~~~~~~~~~~~~~~~~~~~~~~~~~~~
trimisc.c:95:11: warning: ignoring return value of 'fscanf' declared with attribute 'warn_unused_result' [-Wunused-result]
   95 |           fscanf(infile, "%lf%lf", &seg[i].v0.x, &seg[i].v0.y);
      |           ^~~~~~~~~~~~~~~~~~~~~~~~~~~~~~~~~~~~~~~~~~~~~~~~~~~~
mv -f .deps/tri.Tpo .deps/tri.Plo
/bin/bash ../../../libtool  --tag=CC   --mode=compile gcc -DHAVE_CONFIG_H -I. -I../../..   -I/usr/lib/x86_64-linux-gnu/wx/include/gtk3-unicode-3.2 -I/usr/include/wx-3.2 -D_FILE_OFFSET_BITS=64 -DWXUSINGDLL -D__WXGTK__  -g -O2 -D_UNIX_ -D_SDL_   -MT monotone.lo -MD -MP -MF .deps/monotone.Tpo -c -o monotone.lo monotone.c
mv -f .deps/trimisc.Tpo .deps/trimisc.Plo
/bin/bash ../../../libtool  --tag=CC   --mode=compile gcc -DHAVE_CONFIG_H -I. -I../../..   -I/usr/lib/x86_64-linux-gnu/wx/include/gtk3-unicode-3.2 -I/usr/include/wx-3.2 -D_FILE_OFFSET_BITS=64 -DWXUSINGDLL -D__WXGTK__  -g -O2 -D_UNIX_ -D_SDL_   -MT construc.lo -MD -MP -MF .deps/construc.Tpo -c -o construc.lo construc.c
libtool: compile:  gcc -DHAVE_CONFIG_H -I. -I../../.. -I/usr/lib/x86_64-linux-gnu/wx/include/gtk3-unicode-3.2 -I/usr/include/wx-3.2 -D_FILE_OFFSET_BITS=64 -DWXUSINGDLL -D__WXGTK__ -g -O2 -D_UNIX_ -D_SDL_ -MT monotone.lo -MD -MP -MF .deps/monotone.Tpo -c monotone.c -o monotone.o
libtool: compile:  gcc -DHAVE_CONFIG_H -I. -I../../.. -I/usr/lib/x86_64-linux-gnu/wx/include/gtk3-unicode-3.2 -I/usr/include/wx-3.2 -D_FILE_OFFSET_BITS=64 -DWXUSINGDLL -D__WXGTK__ -g -O2 -D_UNIX_ -D_SDL_ -MT construc.lo -MD -MP -MF .deps/construc.Tpo -c construc.c -o construc.o
mv -f .deps/monotone.Tpo .deps/monotone.Plo
mv -f .deps/construc.Tpo .deps/construc.Plo
/bin/bash ../../../libtool  --tag=CC   --mode=link gcc  -g -O2 -D_UNIX_ -D_SDL_     -o libtriangul.la  trimisc.lo tri.lo monotone.lo construc.lo  -lpng -lbz2  
libtool: link: ar cr .libs/libtriangul.a  trimisc.o tri.o monotone.o construc.o
libtool: link: ranlib .libs/libtriangul.a
libtool: link: ( cd ".libs" && rm -f "libtriangul.la" && ln -s "../libtriangul.la" "libtriangul.la" )
make[4]: Leaving directory '/home/vboxuser/projects/asc-hq-codex/source/libs/triangul'
Making all in sdlmm
make[4]: Entering directory '/home/vboxuser/projects/asc-hq-codex/source/libs/sdlmm'
Making all in src
make[5]: Entering directory '/home/vboxuser/projects/asc-hq-codex/source/libs/sdlmm/src'
/bin/bash ../../../../libtool  --tag=CXX   --mode=compile g++ -DHAVE_CONFIG_H -I. -I../../../..   -I/usr/lib/x86_64-linux-gnu/wx/include/gtk3-unicode-3.2 -I/usr/include/wx-3.2 -D_FILE_OFFSET_BITS=64 -DWXUSINGDLL -D__WXGTK__ -I/usr/include/SDL -D_GNU_SOURCE=1 -D_REENTRANT  -g -O2 -Wno-sign-compare -D_UNIX_ -D_SDL_ -I/usr/include/freetype2 -I/usr/include/libpng16   -DSIZE_T_not_identical_to_INT -DXVIDEXPORT -MT sdlmm_global.lo -MD -MP -MF .deps/sdlmm_global.Tpo -c -o sdlmm_global.lo sdlmm_global.cpp
/bin/bash ../../../../libtool  --tag=CXX   --mode=compile g++ -DHAVE_CONFIG_H -I. -I../../../..   -I/usr/lib/x86_64-linux-gnu/wx/include/gtk3-unicode-3.2 -I/usr/include/wx-3.2 -D_FILE_OFFSET_BITS=64 -DWXUSINGDLL -D__WXGTK__ -I/usr/include/SDL -D_GNU_SOURCE=1 -D_REENTRANT  -g -O2 -Wno-sign-compare -D_UNIX_ -D_SDL_ -I/usr/include/freetype2 -I/usr/include/libpng16   -DSIZE_T_not_identical_to_INT -DXVIDEXPORT -MT sdlmm_basesurface.lo -MD -MP -MF .deps/sdlmm_basesurface.Tpo -c -o sdlmm_basesurface.lo sdlmm_basesurface.cpp
libtool: compile:  g++ -DHAVE_CONFIG_H -I. -I../../../.. -I/usr/lib/x86_64-linux-gnu/wx/include/gtk3-unicode-3.2 -I/usr/include/wx-3.2 -D_FILE_OFFSET_BITS=64 -DWXUSINGDLL -D__WXGTK__ -I/usr/include/SDL -D_GNU_SOURCE=1 -D_REENTRANT -g -O2 -Wno-sign-compare -D_UNIX_ -D_SDL_ -I/usr/include/freetype2 -I/usr/include/libpng16 -DSIZE_T_not_identical_to_INT -DXVIDEXPORT -MT sdlmm_global.lo -MD -MP -MF .deps/sdlmm_global.Tpo -c sdlmm_global.cpp -o sdlmm_global.o
libtool: compile:  g++ -DHAVE_CONFIG_H -I. -I../../../.. -I/usr/lib/x86_64-linux-gnu/wx/include/gtk3-unicode-3.2 -I/usr/include/wx-3.2 -D_FILE_OFFSET_BITS=64 -DWXUSINGDLL -D__WXGTK__ -I/usr/include/SDL -D_GNU_SOURCE=1 -D_REENTRANT -g -O2 -Wno-sign-compare -D_UNIX_ -D_SDL_ -I/usr/include/freetype2 -I/usr/include/libpng16 -DSIZE_T_not_identical_to_INT -DXVIDEXPORT -MT sdlmm_basesurface.lo -MD -MP -MF .deps/sdlmm_basesurface.Tpo -c sdlmm_basesurface.cpp -o sdlmm_basesurface.o
mv -f .deps/sdlmm_global.Tpo .deps/sdlmm_global.Plo
/bin/bash ../../../../libtool  --tag=CXX   --mode=compile g++ -DHAVE_CONFIG_H -I. -I../../../..   -I/usr/lib/x86_64-linux-gnu/wx/include/gtk3-unicode-3.2 -I/usr/include/wx-3.2 -D_FILE_OFFSET_BITS=64 -DWXUSINGDLL -D__WXGTK__ -I/usr/include/SDL -D_GNU_SOURCE=1 -D_REENTRANT  -g -O2 -Wno-sign-compare -D_UNIX_ -D_SDL_ -I/usr/include/freetype2 -I/usr/include/libpng16   -DSIZE_T_not_identical_to_INT -DXVIDEXPORT -MT sdlmm_surface.lo -MD -MP -MF .deps/sdlmm_surface.Tpo -c -o sdlmm_surface.lo sdlmm_surface.cpp
libtool: compile:  g++ -DHAVE_CONFIG_H -I. -I../../../.. -I/usr/lib/x86_64-linux-gnu/wx/include/gtk3-unicode-3.2 -I/usr/include/wx-3.2 -D_FILE_OFFSET_BITS=64 -DWXUSINGDLL -D__WXGTK__ -I/usr/include/SDL -D_GNU_SOURCE=1 -D_REENTRANT -g -O2 -Wno-sign-compare -D_UNIX_ -D_SDL_ -I/usr/include/freetype2 -I/usr/include/libpng16 -DSIZE_T_not_identical_to_INT -DXVIDEXPORT -MT sdlmm_surface.lo -MD -MP -MF .deps/sdlmm_surface.Tpo -c sdlmm_surface.cpp -o sdlmm_surface.o
mv -f .deps/sdlmm_basesurface.Tpo .deps/sdlmm_basesurface.Plo
/bin/bash ../../../../libtool  --tag=CXX   --mode=compile g++ -DHAVE_CONFIG_H -I. -I../../../..   -I/usr/lib/x86_64-linux-gnu/wx/include/gtk3-unicode-3.2 -I/usr/include/wx-3.2 -D_FILE_OFFSET_BITS=64 -DWXUSINGDLL -D__WXGTK__ -I/usr/include/SDL -D_GNU_SOURCE=1 -D_REENTRANT  -g -O2 -Wno-sign-compare -D_UNIX_ -D_SDL_ -I/usr/include/freetype2 -I/usr/include/libpng16   -DSIZE_T_not_identical_to_INT -DXVIDEXPORT -MT sdlmm_display.lo -MD -MP -MF .deps/sdlmm_display.Tpo -c -o sdlmm_display.lo sdlmm_display.cpp
libtool: compile:  g++ -DHAVE_CONFIG_H -I. -I../../../.. -I/usr/lib/x86_64-linux-gnu/wx/include/gtk3-unicode-3.2 -I/usr/include/wx-3.2 -D_FILE_OFFSET_BITS=64 -DWXUSINGDLL -D__WXGTK__ -I/usr/include/SDL -D_GNU_SOURCE=1 -D_REENTRANT -g -O2 -Wno-sign-compare -D_UNIX_ -D_SDL_ -I/usr/include/freetype2 -I/usr/include/libpng16 -DSIZE_T_not_identical_to_INT -DXVIDEXPORT -MT sdlmm_display.lo -MD -MP -MF .deps/sdlmm_display.Tpo -c sdlmm_display.cpp -o sdlmm_display.o
mv -f .deps/sdlmm_surface.Tpo .deps/sdlmm_surface.Plo
/bin/bash ../../../../libtool  --tag=CXX   --mode=compile g++ -DHAVE_CONFIG_H -I. -I../../../..   -I/usr/lib/x86_64-linux-gnu/wx/include/gtk3-unicode-3.2 -I/usr/include/wx-3.2 -D_FILE_OFFSET_BITS=64 -DWXUSINGDLL -D__WXGTK__ -I/usr/include/SDL -D_GNU_SOURCE=1 -D_REENTRANT  -g -O2 -Wno-sign-compare -D_UNIX_ -D_SDL_ -I/usr/include/freetype2 -I/usr/include/libpng16   -DSIZE_T_not_identical_to_INT -DXVIDEXPORT -MT sdlmm_pixelformat.lo -MD -MP -MF .deps/sdlmm_pixelformat.Tpo -c -o sdlmm_pixelformat.lo sdlmm_pixelformat.cpp
libtool: compile:  g++ -DHAVE_CONFIG_H -I. -I../../../.. -I/usr/lib/x86_64-linux-gnu/wx/include/gtk3-unicode-3.2 -I/usr/include/wx-3.2 -D_FILE_OFFSET_BITS=64 -DWXUSINGDLL -D__WXGTK__ -I/usr/include/SDL -D_GNU_SOURCE=1 -D_REENTRANT -g -O2 -Wno-sign-compare -D_UNIX_ -D_SDL_ -I/usr/include/freetype2 -I/usr/include/libpng16 -DSIZE_T_not_identical_to_INT -DXVIDEXPORT -MT sdlmm_pixelformat.lo -MD -MP -MF .deps/sdlmm_pixelformat.Tpo -c sdlmm_pixelformat.cpp -o sdlmm_pixelformat.o
mv -f .deps/sdlmm_pixelformat.Tpo .deps/sdlmm_pixelformat.Plo
/bin/bash ../../../../libtool  --tag=CXX   --mode=compile g++ -DHAVE_CONFIG_H -I. -I../../../..   -I/usr/lib/x86_64-linux-gnu/wx/include/gtk3-unicode-3.2 -I/usr/include/wx-3.2 -D_FILE_OFFSET_BITS=64 -DWXUSINGDLL -D__WXGTK__ -I/usr/include/SDL -D_GNU_SOURCE=1 -D_REENTRANT  -g -O2 -Wno-sign-compare -D_UNIX_ -D_SDL_ -I/usr/include/freetype2 -I/usr/include/libpng16   -DSIZE_T_not_identical_to_INT -DXVIDEXPORT -MT sdlmm_srect.lo -MD -MP -MF .deps/sdlmm_srect.Tpo -c -o sdlmm_srect.lo sdlmm_srect.cpp
libtool: compile:  g++ -DHAVE_CONFIG_H -I. -I../../../.. -I/usr/lib/x86_64-linux-gnu/wx/include/gtk3-unicode-3.2 -I/usr/include/wx-3.2 -D_FILE_OFFSET_BITS=64 -DWXUSINGDLL -D__WXGTK__ -I/usr/include/SDL -D_GNU_SOURCE=1 -D_REENTRANT -g -O2 -Wno-sign-compare -D_UNIX_ -D_SDL_ -I/usr/include/freetype2 -I/usr/include/libpng16 -DSIZE_T_not_identical_to_INT -DXVIDEXPORT -MT sdlmm_srect.lo -MD -MP -MF .deps/sdlmm_srect.Tpo -c sdlmm_srect.cpp -o sdlmm_srect.o
mv -f .deps/sdlmm_display.Tpo .deps/sdlmm_display.Plo
/bin/bash ../../../../libtool  --tag=CXX   --mode=compile g++ -DHAVE_CONFIG_H -I. -I../../../..   -I/usr/lib/x86_64-linux-gnu/wx/include/gtk3-unicode-3.2 -I/usr/include/wx-3.2 -D_FILE_OFFSET_BITS=64 -DWXUSINGDLL -D__WXGTK__ -I/usr/include/SDL -D_GNU_SOURCE=1 -D_REENTRANT  -g -O2 -Wno-sign-compare -D_UNIX_ -D_SDL_ -I/usr/include/freetype2 -I/usr/include/libpng16   -DSIZE_T_not_identical_to_INT -DXVIDEXPORT -MT sdlmm_event.lo -MD -MP -MF .deps/sdlmm_event.Tpo -c -o sdlmm_event.lo sdlmm_event.cpp
mv -f .deps/sdlmm_srect.Tpo .deps/sdlmm_srect.Plo
/bin/bash ../../../../libtool  --tag=CXX   --mode=compile g++ -DHAVE_CONFIG_H -I. -I../../../..   -I/usr/lib/x86_64-linux-gnu/wx/include/gtk3-unicode-3.2 -I/usr/include/wx-3.2 -D_FILE_OFFSET_BITS=64 -DWXUSINGDLL -D__WXGTK__ -I/usr/include/SDL -D_GNU_SOURCE=1 -D_REENTRANT  -g -O2 -Wno-sign-compare -D_UNIX_ -D_SDL_ -I/usr/include/freetype2 -I/usr/include/libpng16   -DSIZE_T_not_identical_to_INT -DXVIDEXPORT -MT sdlmm_audio.lo -MD -MP -MF .deps/sdlmm_audio.Tpo -c -o sdlmm_audio.lo sdlmm_audio.cpp
libtool: compile:  g++ -DHAVE_CONFIG_H -I. -I../../../.. -I/usr/lib/x86_64-linux-gnu/wx/include/gtk3-unicode-3.2 -I/usr/include/wx-3.2 -D_FILE_OFFSET_BITS=64 -DWXUSINGDLL -D__WXGTK__ -I/usr/include/SDL -D_GNU_SOURCE=1 -D_REENTRANT -g -O2 -Wno-sign-compare -D_UNIX_ -D_SDL_ -I/usr/include/freetype2 -I/usr/include/libpng16 -DSIZE_T_not_identical_to_INT -DXVIDEXPORT -MT sdlmm_event.lo -MD -MP -MF .deps/sdlmm_event.Tpo -c sdlmm_event.cpp -o sdlmm_event.o
libtool: compile:  g++ -DHAVE_CONFIG_H -I. -I../../../.. -I/usr/lib/x86_64-linux-gnu/wx/include/gtk3-unicode-3.2 -I/usr/include/wx-3.2 -D_FILE_OFFSET_BITS=64 -DWXUSINGDLL -D__WXGTK__ -I/usr/include/SDL -D_GNU_SOURCE=1 -D_REENTRANT -g -O2 -Wno-sign-compare -D_UNIX_ -D_SDL_ -I/usr/include/freetype2 -I/usr/include/libpng16 -DSIZE_T_not_identical_to_INT -DXVIDEXPORT -MT sdlmm_audio.lo -MD -MP -MF .deps/sdlmm_audio.Tpo -c sdlmm_audio.cpp -o sdlmm_audio.o
mv -f .deps/sdlmm_audio.Tpo .deps/sdlmm_audio.Plo
/bin/bash ../../../../libtool  --tag=CXX   --mode=compile g++ -DHAVE_CONFIG_H -I. -I../../../..   -I/usr/lib/x86_64-linux-gnu/wx/include/gtk3-unicode-3.2 -I/usr/include/wx-3.2 -D_FILE_OFFSET_BITS=64 -DWXUSINGDLL -D__WXGTK__ -I/usr/include/SDL -D_GNU_SOURCE=1 -D_REENTRANT  -g -O2 -Wno-sign-compare -D_UNIX_ -D_SDL_ -I/usr/include/freetype2 -I/usr/include/libpng16   -DSIZE_T_not_identical_to_INT -DXVIDEXPORT -MT sdlmm_timer.lo -MD -MP -MF .deps/sdlmm_timer.Tpo -c -o sdlmm_timer.lo sdlmm_timer.cpp
libtool: compile:  g++ -DHAVE_CONFIG_H -I. -I../../../.. -I/usr/lib/x86_64-linux-gnu/wx/include/gtk3-unicode-3.2 -I/usr/include/wx-3.2 -D_FILE_OFFSET_BITS=64 -DWXUSINGDLL -D__WXGTK__ -I/usr/include/SDL -D_GNU_SOURCE=1 -D_REENTRANT -g -O2 -Wno-sign-compare -D_UNIX_ -D_SDL_ -I/usr/include/freetype2 -I/usr/include/libpng16 -DSIZE_T_not_identical_to_INT -DXVIDEXPORT -MT sdlmm_timer.lo -MD -MP -MF .deps/sdlmm_timer.Tpo -c sdlmm_timer.cpp -o sdlmm_timer.o
mv -f .deps/sdlmm_timer.Tpo .deps/sdlmm_timer.Plo
/bin/bash ../../../../libtool  --tag=CXX   --mode=compile g++ -DHAVE_CONFIG_H -I. -I../../../..   -I/usr/lib/x86_64-linux-gnu/wx/include/gtk3-unicode-3.2 -I/usr/include/wx-3.2 -D_FILE_OFFSET_BITS=64 -DWXUSINGDLL -D__WXGTK__ -I/usr/include/SDL -D_GNU_SOURCE=1 -D_REENTRANT  -g -O2 -Wno-sign-compare -D_UNIX_ -D_SDL_ -I/usr/include/freetype2 -I/usr/include/libpng16   -DSIZE_T_not_identical_to_INT -DXVIDEXPORT -MT sdlmm_joystick.lo -MD -MP -MF .deps/sdlmm_joystick.Tpo -c -o sdlmm_joystick.lo sdlmm_joystick.cpp
libtool: compile:  g++ -DHAVE_CONFIG_H -I. -I../../../.. -I/usr/lib/x86_64-linux-gnu/wx/include/gtk3-unicode-3.2 -I/usr/include/wx-3.2 -D_FILE_OFFSET_BITS=64 -DWXUSINGDLL -D__WXGTK__ -I/usr/include/SDL -D_GNU_SOURCE=1 -D_REENTRANT -g -O2 -Wno-sign-compare -D_UNIX_ -D_SDL_ -I/usr/include/freetype2 -I/usr/include/libpng16 -DSIZE_T_not_identical_to_INT -DXVIDEXPORT -MT sdlmm_joystick.lo -MD -MP -MF .deps/sdlmm_joystick.Tpo -c sdlmm_joystick.cpp -o sdlmm_joystick.o
mv -f .deps/sdlmm_event.Tpo .deps/sdlmm_event.Plo
/bin/bash ../../../../libtool  --tag=CXX   --mode=compile g++ -DHAVE_CONFIG_H -I. -I../../../..   -I/usr/lib/x86_64-linux-gnu/wx/include/gtk3-unicode-3.2 -I/usr/include/wx-3.2 -D_FILE_OFFSET_BITS=64 -DWXUSINGDLL -D__WXGTK__ -I/usr/include/SDL -D_GNU_SOURCE=1 -D_REENTRANT  -g -O2 -Wno-sign-compare -D_UNIX_ -D_SDL_ -I/usr/include/freetype2 -I/usr/include/libpng16   -DSIZE_T_not_identical_to_INT -DXVIDEXPORT -MT sdlmm_cd.lo -MD -MP -MF .deps/sdlmm_cd.Tpo -c -o sdlmm_cd.lo sdlmm_cd.cpp
mv -f .deps/sdlmm_joystick.Tpo .deps/sdlmm_joystick.Plo
/bin/bash ../../../../libtool  --tag=CXX   --mode=compile g++ -DHAVE_CONFIG_H -I. -I../../../..   -I/usr/lib/x86_64-linux-gnu/wx/include/gtk3-unicode-3.2 -I/usr/include/wx-3.2 -D_FILE_OFFSET_BITS=64 -DWXUSINGDLL -D__WXGTK__ -I/usr/include/SDL -D_GNU_SOURCE=1 -D_REENTRANT  -g -O2 -Wno-sign-compare -D_UNIX_ -D_SDL_ -I/usr/include/freetype2 -I/usr/include/libpng16   -DSIZE_T_not_identical_to_INT -DXVIDEXPORT -MT sdlmm_videoinfo.lo -MD -MP -MF .deps/sdlmm_videoinfo.Tpo -c -o sdlmm_videoinfo.lo sdlmm_videoinfo.cpp
libtool: compile:  g++ -DHAVE_CONFIG_H -I. -I../../../.. -I/usr/lib/x86_64-linux-gnu/wx/include/gtk3-unicode-3.2 -I/usr/include/wx-3.2 -D_FILE_OFFSET_BITS=64 -DWXUSINGDLL -D__WXGTK__ -I/usr/include/SDL -D_GNU_SOURCE=1 -D_REENTRANT -g -O2 -Wno-sign-compare -D_UNIX_ -D_SDL_ -I/usr/include/freetype2 -I/usr/include/libpng16 -DSIZE_T_not_identical_to_INT -DXVIDEXPORT -MT sdlmm_cd.lo -MD -MP -MF .deps/sdlmm_cd.Tpo -c sdlmm_cd.cpp -o sdlmm_cd.o
libtool: compile:  g++ -DHAVE_CONFIG_H -I. -I../../../.. -I/usr/lib/x86_64-linux-gnu/wx/include/gtk3-unicode-3.2 -I/usr/include/wx-3.2 -D_FILE_OFFSET_BITS=64 -DWXUSINGDLL -D__WXGTK__ -I/usr/include/SDL -D_GNU_SOURCE=1 -D_REENTRANT -g -O2 -Wno-sign-compare -D_UNIX_ -D_SDL_ -I/usr/include/freetype2 -I/usr/include/libpng16 -DSIZE_T_not_identical_to_INT -DXVIDEXPORT -MT sdlmm_videoinfo.lo -MD -MP -MF .deps/sdlmm_videoinfo.Tpo -c sdlmm_videoinfo.cpp -o sdlmm_videoinfo.o
mv -f .deps/sdlmm_cd.Tpo .deps/sdlmm_cd.Plo
mv -f .deps/sdlmm_videoinfo.Tpo .deps/sdlmm_videoinfo.Plo
/bin/bash ../../../../libtool  --tag=CXX   --mode=link g++ -I/usr/include/SDL -D_GNU_SOURCE=1 -D_REENTRANT  -g -O2 -Wno-sign-compare -D_UNIX_ -D_SDL_ -I/usr/include/freetype2 -I/usr/include/libpng16   -DSIZE_T_not_identical_to_INT -DXVIDEXPORT   -o libSDLmm.la  sdlmm_global.lo sdlmm_basesurface.lo sdlmm_surface.lo sdlmm_display.lo sdlmm_pixelformat.lo sdlmm_srect.lo sdlmm_event.lo sdlmm_audio.lo sdlmm_timer.lo sdlmm_joystick.lo sdlmm_cd.lo sdlmm_videoinfo.lo  -lpng -lbz2  
libtool: link: ar cr .libs/libSDLmm.a  sdlmm_global.o sdlmm_basesurface.o sdlmm_surface.o sdlmm_display.o sdlmm_pixelformat.o sdlmm_srect.o sdlmm_event.o sdlmm_audio.o sdlmm_timer.o sdlmm_joystick.o sdlmm_cd.o sdlmm_videoinfo.o
libtool: link: ranlib .libs/libSDLmm.a
libtool: link: ( cd ".libs" && rm -f "libSDLmm.la" && ln -s "../libSDLmm.la" "libSDLmm.la" )
make[5]: Leaving directory '/home/vboxuser/projects/asc-hq-codex/source/libs/sdlmm/src'
make[5]: Entering directory '/home/vboxuser/projects/asc-hq-codex/source/libs/sdlmm'
make[5]: Nothing to be done for 'all-am'.
make[5]: Leaving directory '/home/vboxuser/projects/asc-hq-codex/source/libs/sdlmm'
make[4]: Leaving directory '/home/vboxuser/projects/asc-hq-codex/source/libs/sdlmm'
Making all in paragui
make[4]: Entering directory '/home/vboxuser/projects/asc-hq-codex/source/libs/paragui'
Making all in src
make[5]: Entering directory '/home/vboxuser/projects/asc-hq-codex/source/libs/paragui/src'
Making all in draw
make[6]: Entering directory '/home/vboxuser/projects/asc-hq-codex/source/libs/paragui/src/draw'
/bin/bash ../../../../../libtool  --tag=CXX   --mode=compile g++ -DHAVE_CONFIG_H -I. -I../../../../..  -I/usr/include/SDL -D_GNU_SOURCE=1 -D_REENTRANT -I/usr/include/sigc++-2.0 -I/usr/lib/x86_64-linux-gnu/sigc++-2.0/include  -I../../../../../source/libs/paragui/include -I/usr/lib/x86_64-linux-gnu/wx/include/gtk3-unicode-3.2 -I/usr/include/wx-3.2 -D_FILE_OFFSET_BITS=64 -DWXUSINGDLL -D__WXGTK__  -g -O2 -Wno-sign-compare -D_UNIX_ -D_SDL_ -I/usr/include/freetype2 -I/usr/include/libpng16   -DSIZE_T_not_identical_to_INT -DXVIDEXPORT -MT surface.lo -MD -MP -MF .deps/surface.Tpo -c -o surface.lo surface.cpp
/bin/bash ../../../../../libtool  --tag=CXX   --mode=compile g++ -DHAVE_CONFIG_H -I. -I../../../../..  -I/usr/include/SDL -D_GNU_SOURCE=1 -D_REENTRANT -I/usr/include/sigc++-2.0 -I/usr/lib/x86_64-linux-gnu/sigc++-2.0/include  -I../../../../../source/libs/paragui/include -I/usr/lib/x86_64-linux-gnu/wx/include/gtk3-unicode-3.2 -I/usr/include/wx-3.2 -D_FILE_OFFSET_BITS=64 -DWXUSINGDLL -D__WXGTK__  -g -O2 -Wno-sign-compare -D_UNIX_ -D_SDL_ -I/usr/include/freetype2 -I/usr/include/libpng16   -DSIZE_T_not_identical_to_INT -DXVIDEXPORT -MT rotozoom.lo -MD -MP -MF .deps/rotozoom.Tpo -c -o rotozoom.lo rotozoom.cpp
libtool: compile:  g++ -DHAVE_CONFIG_H -I. -I../../../../.. -I/usr/include/SDL -D_GNU_SOURCE=1 -D_REENTRANT -I/usr/include/sigc++-2.0 -I/usr/lib/x86_64-linux-gnu/sigc++-2.0/include -I../../../../../source/libs/paragui/include -I/usr/lib/x86_64-linux-gnu/wx/include/gtk3-unicode-3.2 -I/usr/include/wx-3.2 -D_FILE_OFFSET_BITS=64 -DWXUSINGDLL -D__WXGTK__ -g -O2 -Wno-sign-compare -D_UNIX_ -D_SDL_ -I/usr/include/freetype2 -I/usr/include/libpng16 -DSIZE_T_not_identical_to_INT -DXVIDEXPORT -MT surface.lo -MD -MP -MF .deps/surface.Tpo -c surface.cpp -o surface.o
libtool: compile:  g++ -DHAVE_CONFIG_H -I. -I../../../../.. -I/usr/include/SDL -D_GNU_SOURCE=1 -D_REENTRANT -I/usr/include/sigc++-2.0 -I/usr/lib/x86_64-linux-gnu/sigc++-2.0/include -I../../../../../source/libs/paragui/include -I/usr/lib/x86_64-linux-gnu/wx/include/gtk3-unicode-3.2 -I/usr/include/wx-3.2 -D_FILE_OFFSET_BITS=64 -DWXUSINGDLL -D__WXGTK__ -g -O2 -Wno-sign-compare -D_UNIX_ -D_SDL_ -I/usr/include/freetype2 -I/usr/include/libpng16 -DSIZE_T_not_identical_to_INT -DXVIDEXPORT -MT rotozoom.lo -MD -MP -MF .deps/rotozoom.Tpo -c rotozoom.cpp -o rotozoom.o
mv -f .deps/rotozoom.Tpo .deps/rotozoom.Plo
/bin/bash ../../../../../libtool  --tag=CXX   --mode=compile g++ -DHAVE_CONFIG_H -I. -I../../../../..  -I/usr/include/SDL -D_GNU_SOURCE=1 -D_REENTRANT -I/usr/include/sigc++-2.0 -I/usr/lib/x86_64-linux-gnu/sigc++-2.0/include  -I../../../../../source/libs/paragui/include -I/usr/lib/x86_64-linux-gnu/wx/include/gtk3-unicode-3.2 -I/usr/include/wx-3.2 -D_FILE_OFFSET_BITS=64 -DWXUSINGDLL -D__WXGTK__  -g -O2 -Wno-sign-compare -D_UNIX_ -D_SDL_ -I/usr/include/freetype2 -I/usr/include/libpng16   -DSIZE_T_not_identical_to_INT -DXVIDEXPORT -MT drawline.lo -MD -MP -MF .deps/drawline.Tpo -c -o drawline.lo drawline.cpp
libtool: compile:  g++ -DHAVE_CONFIG_H -I. -I../../../../.. -I/usr/include/SDL -D_GNU_SOURCE=1 -D_REENTRANT -I/usr/include/sigc++-2.0 -I/usr/lib/x86_64-linux-gnu/sigc++-2.0/include -I../../../../../source/libs/paragui/include -I/usr/lib/x86_64-linux-gnu/wx/include/gtk3-unicode-3.2 -I/usr/include/wx-3.2 -D_FILE_OFFSET_BITS=64 -DWXUSINGDLL -D__WXGTK__ -g -O2 -Wno-sign-compare -D_UNIX_ -D_SDL_ -I/usr/include/freetype2 -I/usr/include/libpng16 -DSIZE_T_not_identical_to_INT -DXVIDEXPORT -MT drawline.lo -MD -MP -MF .deps/drawline.Tpo -c drawline.cpp -o drawline.o
mv -f .deps/surface.Tpo .deps/surface.Plo
/bin/bash ../../../../../libtool  --tag=CXX   --mode=compile g++ -DHAVE_CONFIG_H -I. -I../../../../..  -I/usr/include/SDL -D_GNU_SOURCE=1 -D_REENTRANT -I/usr/include/sigc++-2.0 -I/usr/lib/x86_64-linux-gnu/sigc++-2.0/include  -I../../../../../source/libs/paragui/include -I/usr/lib/x86_64-linux-gnu/wx/include/gtk3-unicode-3.2 -I/usr/include/wx-3.2 -D_FILE_OFFSET_BITS=64 -DWXUSINGDLL -D__WXGTK__  -g -O2 -Wno-sign-compare -D_UNIX_ -D_SDL_ -I/usr/include/freetype2 -I/usr/include/libpng16   -DSIZE_T_not_identical_to_INT -DXVIDEXPORT -MT setpixel.lo -MD -MP -MF .deps/setpixel.Tpo -c -o setpixel.lo setpixel.cpp
libtool: compile:  g++ -DHAVE_CONFIG_H -I. -I../../../../.. -I/usr/include/SDL -D_GNU_SOURCE=1 -D_REENTRANT -I/usr/include/sigc++-2.0 -I/usr/lib/x86_64-linux-gnu/sigc++-2.0/include -I../../../../../source/libs/paragui/include -I/usr/lib/x86_64-linux-gnu/wx/include/gtk3-unicode-3.2 -I/usr/include/wx-3.2 -D_FILE_OFFSET_BITS=64 -DWXUSINGDLL -D__WXGTK__ -g -O2 -Wno-sign-compare -D_UNIX_ -D_SDL_ -I/usr/include/freetype2 -I/usr/include/libpng16 -DSIZE_T_not_identical_to_INT -DXVIDEXPORT -MT setpixel.lo -MD -MP -MF .deps/setpixel.Tpo -c setpixel.cpp -o setpixel.o
mv -f .deps/drawline.Tpo .deps/drawline.Plo
/bin/bash ../../../../../libtool  --tag=CXX   --mode=compile g++ -DHAVE_CONFIG_H -I. -I../../../../..  -I/usr/include/SDL -D_GNU_SOURCE=1 -D_REENTRANT -I/usr/include/sigc++-2.0 -I/usr/lib/x86_64-linux-gnu/sigc++-2.0/include  -I../../../../../source/libs/paragui/include -I/usr/lib/x86_64-linux-gnu/wx/include/gtk3-unicode-3.2 -I/usr/include/wx-3.2 -D_FILE_OFFSET_BITS=64 -DWXUSINGDLL -D__WXGTK__  -g -O2 -Wno-sign-compare -D_UNIX_ -D_SDL_ -I/usr/include/freetype2 -I/usr/include/libpng16   -DSIZE_T_not_identical_to_INT -DXVIDEXPORT -MT stretch.lo -MD -MP -MF .deps/stretch.Tpo -c -o stretch.lo stretch.cpp
mv -f .deps/setpixel.Tpo .deps/setpixel.Plo
libtool: compile:  g++ -DHAVE_CONFIG_H -I. -I../../../../.. -I/usr/include/SDL -D_GNU_SOURCE=1 -D_REENTRANT -I/usr/include/sigc++-2.0 -I/usr/lib/x86_64-linux-gnu/sigc++-2.0/include -I../../../../../source/libs/paragui/include -I/usr/lib/x86_64-linux-gnu/wx/include/gtk3-unicode-3.2 -I/usr/include/wx-3.2 -D_FILE_OFFSET_BITS=64 -DWXUSINGDLL -D__WXGTK__ -g -O2 -Wno-sign-compare -D_UNIX_ -D_SDL_ -I/usr/include/freetype2 -I/usr/include/libpng16 -DSIZE_T_not_identical_to_INT -DXVIDEXPORT -MT stretch.lo -MD -MP -MF .deps/stretch.Tpo -c stretch.cpp -o stretch.o
/bin/bash ../../../../../libtool  --tag=CXX   --mode=compile g++ -DHAVE_CONFIG_H -I. -I../../../../..  -I/usr/include/SDL -D_GNU_SOURCE=1 -D_REENTRANT -I/usr/include/sigc++-2.0 -I/usr/lib/x86_64-linux-gnu/sigc++-2.0/include  -I../../../../../source/libs/paragui/include -I/usr/lib/x86_64-linux-gnu/wx/include/gtk3-unicode-3.2 -I/usr/include/wx-3.2 -D_FILE_OFFSET_BITS=64 -DWXUSINGDLL -D__WXGTK__  -g -O2 -Wno-sign-compare -D_UNIX_ -D_SDL_ -I/usr/include/freetype2 -I/usr/include/libpng16   -DSIZE_T_not_identical_to_INT -DXVIDEXPORT -MT pgpoint.lo -MD -MP -MF .deps/pgpoint.Tpo -c -o pgpoint.lo pgpoint.cpp
libtool: compile:  g++ -DHAVE_CONFIG_H -I. -I../../../../.. -I/usr/include/SDL -D_GNU_SOURCE=1 -D_REENTRANT -I/usr/include/sigc++-2.0 -I/usr/lib/x86_64-linux-gnu/sigc++-2.0/include -I../../../../../source/libs/paragui/include -I/usr/lib/x86_64-linux-gnu/wx/include/gtk3-unicode-3.2 -I/usr/include/wx-3.2 -D_FILE_OFFSET_BITS=64 -DWXUSINGDLL -D__WXGTK__ -g -O2 -Wno-sign-compare -D_UNIX_ -D_SDL_ -I/usr/include/freetype2 -I/usr/include/libpng16 -DSIZE_T_not_identical_to_INT -DXVIDEXPORT -MT pgpoint.lo -MD -MP -MF .deps/pgpoint.Tpo -c pgpoint.cpp -o pgpoint.o
mv -f .deps/pgpoint.Tpo .deps/pgpoint.Plo
/bin/bash ../../../../../libtool  --tag=CXX   --mode=compile g++ -DHAVE_CONFIG_H -I. -I../../../../..  -I/usr/include/SDL -D_GNU_SOURCE=1 -D_REENTRANT -I/usr/include/sigc++-2.0 -I/usr/lib/x86_64-linux-gnu/sigc++-2.0/include  -I../../../../../source/libs/paragui/include -I/usr/lib/x86_64-linux-gnu/wx/include/gtk3-unicode-3.2 -I/usr/include/wx-3.2 -D_FILE_OFFSET_BITS=64 -DWXUSINGDLL -D__WXGTK__  -g -O2 -Wno-sign-compare -D_UNIX_ -D_SDL_ -I/usr/include/freetype2 -I/usr/include/libpng16   -DSIZE_T_not_identical_to_INT -DXVIDEXPORT -MT pgrect.lo -MD -MP -MF .deps/pgrect.Tpo -c -o pgrect.lo pgrect.cpp
libtool: compile:  g++ -DHAVE_CONFIG_H -I. -I../../../../.. -I/usr/include/SDL -D_GNU_SOURCE=1 -D_REENTRANT -I/usr/include/sigc++-2.0 -I/usr/lib/x86_64-linux-gnu/sigc++-2.0/include -I../../../../../source/libs/paragui/include -I/usr/lib/x86_64-linux-gnu/wx/include/gtk3-unicode-3.2 -I/usr/include/wx-3.2 -D_FILE_OFFSET_BITS=64 -DWXUSINGDLL -D__WXGTK__ -g -O2 -Wno-sign-compare -D_UNIX_ -D_SDL_ -I/usr/include/freetype2 -I/usr/include/libpng16 -DSIZE_T_not_identical_to_INT -DXVIDEXPORT -MT pgrect.lo -MD -MP -MF .deps/pgrect.Tpo -c pgrect.cpp -o pgrect.o
mv -f .deps/pgrect.Tpo .deps/pgrect.Plo
/bin/bash ../../../../../libtool  --tag=CXX   --mode=compile g++ -DHAVE_CONFIG_H -I. -I../../../../..  -I/usr/include/SDL -D_GNU_SOURCE=1 -D_REENTRANT -I/usr/include/sigc++-2.0 -I/usr/lib/x86_64-linux-gnu/sigc++-2.0/include  -I../../../../../source/libs/paragui/include -I/usr/lib/x86_64-linux-gnu/wx/include/gtk3-unicode-3.2 -I/usr/include/wx-3.2 -D_FILE_OFFSET_BITS=64 -DWXUSINGDLL -D__WXGTK__  -g -O2 -Wno-sign-compare -D_UNIX_ -D_SDL_ -I/usr/include/freetype2 -I/usr/include/libpng16   -DSIZE_T_not_identical_to_INT -DXVIDEXPORT -MT drawtile.lo -MD -MP -MF .deps/drawtile.Tpo -c -o drawtile.lo drawtile.cpp
libtool: compile:  g++ -DHAVE_CONFIG_H -I. -I../../../../.. -I/usr/include/SDL -D_GNU_SOURCE=1 -D_REENTRANT -I/usr/include/sigc++-2.0 -I/usr/lib/x86_64-linux-gnu/sigc++-2.0/include -I../../../../../source/libs/paragui/include -I/usr/lib/x86_64-linux-gnu/wx/include/gtk3-unicode-3.2 -I/usr/include/wx-3.2 -D_FILE_OFFSET_BITS=64 -DWXUSINGDLL -D__WXGTK__ -g -O2 -Wno-sign-compare -D_UNIX_ -D_SDL_ -I/usr/include/freetype2 -I/usr/include/libpng16 -DSIZE_T_not_identical_to_INT -DXVIDEXPORT -MT drawtile.lo -MD -MP -MF .deps/drawtile.Tpo -c drawtile.cpp -o drawtile.o
mv -f .deps/stretch.Tpo .deps/stretch.Plo
/bin/bash ../../../../../libtool  --tag=CXX   --mode=compile g++ -DHAVE_CONFIG_H -I. -I../../../../..  -I/usr/include/SDL -D_GNU_SOURCE=1 -D_REENTRANT -I/usr/include/sigc++-2.0 -I/usr/lib/x86_64-linux-gnu/sigc++-2.0/include  -I../../../../../source/libs/paragui/include -I/usr/lib/x86_64-linux-gnu/wx/include/gtk3-unicode-3.2 -I/usr/include/wx-3.2 -D_FILE_OFFSET_BITS=64 -DWXUSINGDLL -D__WXGTK__  -g -O2 -Wno-sign-compare -D_UNIX_ -D_SDL_ -I/usr/include/freetype2 -I/usr/include/libpng16   -DSIZE_T_not_identical_to_INT -DXVIDEXPORT -MT gradient.lo -MD -MP -MF .deps/gradient.Tpo -c -o gradient.lo gradient.cpp
mv -f .deps/drawtile.Tpo .deps/drawtile.Plo
libtool: compile:  g++ -DHAVE_CONFIG_H -I. -I../../../../.. -I/usr/include/SDL -D_GNU_SOURCE=1 -D_REENTRANT -I/usr/include/sigc++-2.0 -I/usr/lib/x86_64-linux-gnu/sigc++-2.0/include -I../../../../../source/libs/paragui/include -I/usr/lib/x86_64-linux-gnu/wx/include/gtk3-unicode-3.2 -I/usr/include/wx-3.2 -D_FILE_OFFSET_BITS=64 -DWXUSINGDLL -D__WXGTK__ -g -O2 -Wno-sign-compare -D_UNIX_ -D_SDL_ -I/usr/include/freetype2 -I/usr/include/libpng16 -DSIZE_T_not_identical_to_INT -DXVIDEXPORT -MT gradient.lo -MD -MP -MF .deps/gradient.Tpo -c gradient.cpp -o gradient.o
mv -f .deps/gradient.Tpo .deps/gradient.Plo
/bin/bash ../../../../../libtool  --tag=CXX   --mode=link g++  -g -O2 -Wno-sign-compare -D_UNIX_ -D_SDL_ -I/usr/include/freetype2 -I/usr/include/libpng16   -DSIZE_T_not_identical_to_INT -DXVIDEXPORT   -o libpgdraw.la  surface.lo rotozoom.lo drawline.lo setpixel.lo stretch.lo pgpoint.lo pgrect.lo drawtile.lo gradient.lo  -lpng -lbz2  
libtool: link: ar cr .libs/libpgdraw.a  surface.o rotozoom.o drawline.o setpixel.o stretch.o pgpoint.o pgrect.o drawtile.o gradient.o
libtool: link: ranlib .libs/libpgdraw.a
libtool: link: ( cd ".libs" && rm -f "libpgdraw.la" && ln -s "../libpgdraw.la" "libpgdraw.la" )
make[6]: Leaving directory '/home/vboxuser/projects/asc-hq-codex/source/libs/paragui/src/draw'
Making all in font
make[6]: Entering directory '/home/vboxuser/projects/asc-hq-codex/source/libs/paragui/src/font'
/bin/bash ../../../../../libtool  --tag=CXX   --mode=compile g++ -DHAVE_CONFIG_H -I. -I../../../../..  -I/usr/include/sigc++-2.0 -I/usr/lib/x86_64-linux-gnu/sigc++-2.0/include  -I/usr/include/SDL -D_GNU_SOURCE=1 -D_REENTRANT -I../../../../../source/libs/paragui/include -I/usr/lib/x86_64-linux-gnu/wx/include/gtk3-unicode-3.2 -I/usr/include/wx-3.2 -D_FILE_OFFSET_BITS=64 -DWXUSINGDLL -D__WXGTK__  -g -O2 -Wno-sign-compare -D_UNIX_ -D_SDL_ -I/usr/include/freetype2 -I/usr/include/libpng16   -DSIZE_T_not_identical_to_INT -DXVIDEXPORT -MT pgfont_impl.lo -MD -MP -MF .deps/pgfont_impl.Tpo -c -o pgfont_impl.lo pgfont_impl.cpp
/bin/bash ../../../../../libtool  --tag=CXX   --mode=compile g++ -DHAVE_CONFIG_H -I. -I../../../../..  -I/usr/include/sigc++-2.0 -I/usr/lib/x86_64-linux-gnu/sigc++-2.0/include  -I/usr/include/SDL -D_GNU_SOURCE=1 -D_REENTRANT -I../../../../../source/libs/paragui/include -I/usr/lib/x86_64-linux-gnu/wx/include/gtk3-unicode-3.2 -I/usr/include/wx-3.2 -D_FILE_OFFSET_BITS=64 -DWXUSINGDLL -D__WXGTK__  -g -O2 -Wno-sign-compare -D_UNIX_ -D_SDL_ -I/usr/include/freetype2 -I/usr/include/libpng16   -DSIZE_T_not_identical_to_INT -DXVIDEXPORT -MT pgfont.lo -MD -MP -MF .deps/pgfont.Tpo -c -o pgfont.lo pgfont.cpp
libtool: compile:  g++ -DHAVE_CONFIG_H -I. -I../../../../.. -I/usr/include/sigc++-2.0 -I/usr/lib/x86_64-linux-gnu/sigc++-2.0/include -I/usr/include/SDL -D_GNU_SOURCE=1 -D_REENTRANT -I../../../../../source/libs/paragui/include -I/usr/lib/x86_64-linux-gnu/wx/include/gtk3-unicode-3.2 -I/usr/include/wx-3.2 -D_FILE_OFFSET_BITS=64 -DWXUSINGDLL -D__WXGTK__ -g -O2 -Wno-sign-compare -D_UNIX_ -D_SDL_ -I/usr/include/freetype2 -I/usr/include/libpng16 -DSIZE_T_not_identical_to_INT -DXVIDEXPORT -MT pgfont_impl.lo -MD -MP -MF .deps/pgfont_impl.Tpo -c pgfont_impl.cpp -o pgfont_impl.o
libtool: compile:  g++ -DHAVE_CONFIG_H -I. -I../../../../.. -I/usr/include/sigc++-2.0 -I/usr/lib/x86_64-linux-gnu/sigc++-2.0/include -I/usr/include/SDL -D_GNU_SOURCE=1 -D_REENTRANT -I../../../../../source/libs/paragui/include -I/usr/lib/x86_64-linux-gnu/wx/include/gtk3-unicode-3.2 -I/usr/include/wx-3.2 -D_FILE_OFFSET_BITS=64 -DWXUSINGDLL -D__WXGTK__ -g -O2 -Wno-sign-compare -D_UNIX_ -D_SDL_ -I/usr/include/freetype2 -I/usr/include/libpng16 -DSIZE_T_not_identical_to_INT -DXVIDEXPORT -MT pgfont.lo -MD -MP -MF .deps/pgfont.Tpo -c pgfont.cpp -o pgfont.o
mv -f .deps/pgfont_impl.Tpo .deps/pgfont_impl.Plo
mv -f .deps/pgfont.Tpo .deps/pgfont.Plo
/bin/bash ../../../../../libtool  --tag=CXX   --mode=link g++  -g -O2 -Wno-sign-compare -D_UNIX_ -D_SDL_ -I/usr/include/freetype2 -I/usr/include/libpng16   -DSIZE_T_not_identical_to_INT -DXVIDEXPORT   -o libpgfont.la  pgfont_impl.lo pgfont.lo  -lpng -lbz2  
libtool: link: ar cr .libs/libpgfont.a  pgfont_impl.o pgfont.o
libtool: link: ranlib .libs/libpgfont.a
libtool: link: ( cd ".libs" && rm -f "libpgfont.la" && ln -s "../libpgfont.la" "libpgfont.la" )
make[6]: Leaving directory '/home/vboxuser/projects/asc-hq-codex/source/libs/paragui/src/font'
Making all in themes
make[6]: Entering directory '/home/vboxuser/projects/asc-hq-codex/source/libs/paragui/src/themes'
/bin/bash ../../../../../libtool  --tag=CXX   --mode=compile g++ -DHAVE_CONFIG_H -I. -I../../../../..  -I/usr/include/sigc++-2.0 -I/usr/lib/x86_64-linux-gnu/sigc++-2.0/include   -I/usr/include/SDL -D_GNU_SOURCE=1 -D_REENTRANT -I../../../../../source/libs/paragui/include -I/usr/lib/x86_64-linux-gnu/wx/include/gtk3-unicode-3.2 -I/usr/include/wx-3.2 -D_FILE_OFFSET_BITS=64 -DWXUSINGDLL -D__WXGTK__  -g -O2 -Wno-sign-compare -D_UNIX_ -D_SDL_ -I/usr/include/freetype2 -I/usr/include/libpng16   -DSIZE_T_not_identical_to_INT -DXVIDEXPORT -MT themeloader.lo -MD -MP -MF .deps/themeloader.Tpo -c -o themeloader.lo themeloader.cpp
/bin/bash ../../../../../libtool  --tag=CXX   --mode=compile g++ -DHAVE_CONFIG_H -I. -I../../../../..  -I/usr/include/sigc++-2.0 -I/usr/lib/x86_64-linux-gnu/sigc++-2.0/include   -I/usr/include/SDL -D_GNU_SOURCE=1 -D_REENTRANT -I../../../../../source/libs/paragui/include -I/usr/lib/x86_64-linux-gnu/wx/include/gtk3-unicode-3.2 -I/usr/include/wx-3.2 -D_FILE_OFFSET_BITS=64 -DWXUSINGDLL -D__WXGTK__  -g -O2 -Wno-sign-compare -D_UNIX_ -D_SDL_ -I/usr/include/freetype2 -I/usr/include/libpng16   -DSIZE_T_not_identical_to_INT -DXVIDEXPORT -MT theme_priv.lo -MD -MP -MF .deps/theme_priv.Tpo -c -o theme_priv.lo theme_priv.cpp
libtool: compile:  g++ -DHAVE_CONFIG_H -I. -I../../../../.. -I/usr/include/sigc++-2.0 -I/usr/lib/x86_64-linux-gnu/sigc++-2.0/include -I/usr/include/SDL -D_GNU_SOURCE=1 -D_REENTRANT -I../../../../../source/libs/paragui/include -I/usr/lib/x86_64-linux-gnu/wx/include/gtk3-unicode-3.2 -I/usr/include/wx-3.2 -D_FILE_OFFSET_BITS=64 -DWXUSINGDLL -D__WXGTK__ -g -O2 -Wno-sign-compare -D_UNIX_ -D_SDL_ -I/usr/include/freetype2 -I/usr/include/libpng16 -DSIZE_T_not_identical_to_INT -DXVIDEXPORT -MT themeloader.lo -MD -MP -MF .deps/themeloader.Tpo -c themeloader.cpp -o themeloader.o
libtool: compile:  g++ -DHAVE_CONFIG_H -I. -I../../../../.. -I/usr/include/sigc++-2.0 -I/usr/lib/x86_64-linux-gnu/sigc++-2.0/include -I/usr/include/SDL -D_GNU_SOURCE=1 -D_REENTRANT -I../../../../../source/libs/paragui/include -I/usr/lib/x86_64-linux-gnu/wx/include/gtk3-unicode-3.2 -I/usr/include/wx-3.2 -D_FILE_OFFSET_BITS=64 -DWXUSINGDLL -D__WXGTK__ -g -O2 -Wno-sign-compare -D_UNIX_ -D_SDL_ -I/usr/include/freetype2 -I/usr/include/libpng16 -DSIZE_T_not_identical_to_INT -DXVIDEXPORT -MT theme_priv.lo -MD -MP -MF .deps/theme_priv.Tpo -c theme_priv.cpp -o theme_priv.o
mv -f .deps/theme_priv.Tpo .deps/theme_priv.Plo
mv -f .deps/themeloader.Tpo .deps/themeloader.Plo
/bin/bash ../../../../../libtool  --tag=CXX   --mode=link g++  -g -O2 -Wno-sign-compare -D_UNIX_ -D_SDL_ -I/usr/include/freetype2 -I/usr/include/libpng16   -DSIZE_T_not_identical_to_INT -DXVIDEXPORT   -o libtheme.la  themeloader.lo theme_priv.lo  -lpng -lbz2  
libtool: link: ar cr .libs/libtheme.a  themeloader.o theme_priv.o
libtool: link: ranlib .libs/libtheme.a
libtool: link: ( cd ".libs" && rm -f "libtheme.la" && ln -s "../libtheme.la" "libtheme.la" )
make[6]: Leaving directory '/home/vboxuser/projects/asc-hq-codex/source/libs/paragui/src/themes'
Making all in core
make[6]: Entering directory '/home/vboxuser/projects/asc-hq-codex/source/libs/paragui/src/core'
/bin/bash ../../../../../libtool  --tag=CXX   --mode=compile g++ -DHAVE_CONFIG_H -I. -I../../../../..  -I/usr/include/sigc++-2.0 -I/usr/lib/x86_64-linux-gnu/sigc++-2.0/include  -I/usr/include/SDL -D_GNU_SOURCE=1 -D_REENTRANT  -I../../../../../source/libs/paragui/include -I/usr/lib/x86_64-linux-gnu/wx/include/gtk3-unicode-3.2 -I/usr/include/wx-3.2 -D_FILE_OFFSET_BITS=64 -DWXUSINGDLL -D__WXGTK__  -g -O2 -Wno-sign-compare -D_UNIX_ -D_SDL_ -I/usr/include/freetype2 -I/usr/include/libpng16   -DSIZE_T_not_identical_to_INT -DXVIDEXPORT -MT physfsrwops.lo -MD -MP -MF .deps/physfsrwops.Tpo -c -o physfsrwops.lo physfsrwops.cpp
/bin/bash ../../../../../libtool  --tag=CXX   --mode=compile g++ -DHAVE_CONFIG_H -I. -I../../../../..  -I/usr/include/sigc++-2.0 -I/usr/lib/x86_64-linux-gnu/sigc++-2.0/include  -I/usr/include/SDL -D_GNU_SOURCE=1 -D_REENTRANT  -I../../../../../source/libs/paragui/include -I/usr/lib/x86_64-linux-gnu/wx/include/gtk3-unicode-3.2 -I/usr/include/wx-3.2 -D_FILE_OFFSET_BITS=64 -DWXUSINGDLL -D__WXGTK__  -g -O2 -Wno-sign-compare -D_UNIX_ -D_SDL_ -I/usr/include/freetype2 -I/usr/include/libpng16   -DSIZE_T_not_identical_to_INT -DXVIDEXPORT -MT missing.lo -MD -MP -MF .deps/missing.Tpo -c -o missing.lo missing.cpp
libtool: compile:  g++ -DHAVE_CONFIG_H -I. -I../../../../.. -I/usr/include/sigc++-2.0 -I/usr/lib/x86_64-linux-gnu/sigc++-2.0/include -I/usr/include/SDL -D_GNU_SOURCE=1 -D_REENTRANT -I../../../../../source/libs/paragui/include -I/usr/lib/x86_64-linux-gnu/wx/include/gtk3-unicode-3.2 -I/usr/include/wx-3.2 -D_FILE_OFFSET_BITS=64 -DWXUSINGDLL -D__WXGTK__ -g -O2 -Wno-sign-compare -D_UNIX_ -D_SDL_ -I/usr/include/freetype2 -I/usr/include/libpng16 -DSIZE_T_not_identical_to_INT -DXVIDEXPORT -MT missing.lo -MD -MP -MF .deps/missing.Tpo -c missing.cpp -o missing.o
libtool: compile:  g++ -DHAVE_CONFIG_H -I. -I../../../../.. -I/usr/include/sigc++-2.0 -I/usr/lib/x86_64-linux-gnu/sigc++-2.0/include -I/usr/include/SDL -D_GNU_SOURCE=1 -D_REENTRANT -I../../../../../source/libs/paragui/include -I/usr/lib/x86_64-linux-gnu/wx/include/gtk3-unicode-3.2 -I/usr/include/wx-3.2 -D_FILE_OFFSET_BITS=64 -DWXUSINGDLL -D__WXGTK__ -g -O2 -Wno-sign-compare -D_UNIX_ -D_SDL_ -I/usr/include/freetype2 -I/usr/include/libpng16 -DSIZE_T_not_identical_to_INT -DXVIDEXPORT -MT physfsrwops.lo -MD -MP -MF .deps/physfsrwops.Tpo -c physfsrwops.cpp -o physfsrwops.o
physfsrwops.cpp: In function 'int physfsrwops_seek(SDL_RWops*, int, int)':
physfsrwops.cpp:37:57: warning: 'const char* PHYSFS_getLastError()' is deprecated [-Wdeprecated-declarations]
   37 |                                      PHYSFS_getLastError());
      |                                      ~~~~~~~~~~~~~~~~~~~^~
In file included from physfsrwops.h:25,
                 from physfsrwops.cpp:23:
/usr/include/physfs.h:654:25: note: declared here
  654 | PHYSFS_DECL const char *PHYSFS_getLastError(void) PHYSFS_DEPRECATED;
      |                         ^~~~~~~~~~~~~~~~~~~
physfsrwops.cpp:56:87: warning: 'const char* PHYSFS_getLastError()' is deprecated [-Wdeprecated-declarations]
   56 |                         SDL_SetError("Can't find end of file: %s", PHYSFS_getLastError());
      |                                                                    ~~~~~~~~~~~~~~~~~~~^~
/usr/include/physfs.h:654:25: note: declared here
  654 | PHYSFS_DECL const char *PHYSFS_getLastError(void) PHYSFS_DEPRECATED;
      |                         ^~~~~~~~~~~~~~~~~~~
physfsrwops.cpp:80:72: warning: 'const char* PHYSFS_getLastError()' is deprecated [-Wdeprecated-declarations]
   80 |                 SDL_SetError("PhysicsFS error: %s", PHYSFS_getLastError());
      |                                                     ~~~~~~~~~~~~~~~~~~~^~
/usr/include/physfs.h:654:25: note: declared here
  654 | PHYSFS_DECL const char *PHYSFS_getLastError(void) PHYSFS_DEPRECATED;
      |                         ^~~~~~~~~~~~~~~~~~~
physfsrwops.cpp: In function 'int physfsrwops_read(SDL_RWops*, void*, int, int)':
physfsrwops.cpp:90:39: warning: 'PHYSFS_sint64 PHYSFS_read(PHYSFS_File*, void*, PHYSFS_uint32, PHYSFS_uint32)' is deprecated [-Wdeprecated-declarations]
   90 |         PHYSFS_sint64 rc = PHYSFS_read(handle, ptr, size, maxnum);
      |                            ~~~~~~~~~~~^~~~~~~~~~~~~~~~~~~~~~~~~~~
/usr/include/physfs.h:1333:27: note: declared here
 1333 | PHYSFS_DECL PHYSFS_sint64 PHYSFS_read(PHYSFS_File *handle,
      |                           ^~~~~~~~~~~
physfsrwops.cpp:93:80: warning: 'const char* PHYSFS_getLastError()' is deprecated [-Wdeprecated-declarations]
   93 |                         SDL_SetError("PhysicsFS error: %s", PHYSFS_getLastError());
      |                                                             ~~~~~~~~~~~~~~~~~~~^~
/usr/include/physfs.h:654:25: note: declared here
  654 | PHYSFS_DECL const char *PHYSFS_getLastError(void) PHYSFS_DEPRECATED;
      |                         ^~~~~~~~~~~~~~~~~~~
physfsrwops.cpp: In function 'int physfsrwops_write(SDL_RWops*, const void*, int, int)':
physfsrwops.cpp:102:40: warning: 'PHYSFS_sint64 PHYSFS_write(PHYSFS_File*, const void*, PHYSFS_uint32, PHYSFS_uint32)' is deprecated [-Wdeprecated-declarations]
  102 |         PHYSFS_sint64 rc = PHYSFS_write(handle, ptr, size, num);
      |                            ~~~~~~~~~~~~^~~~~~~~~~~~~~~~~~~~~~~~
/usr/include/physfs.h:1362:27: note: declared here
 1362 | PHYSFS_DECL PHYSFS_sint64 PHYSFS_write(PHYSFS_File *handle,
      |                           ^~~~~~~~~~~~
physfsrwops.cpp:104:72: warning: 'const char* PHYSFS_getLastError()' is deprecated [-Wdeprecated-declarations]
  104 |                 SDL_SetError("PhysicsFS error: %s", PHYSFS_getLastError());
      |                                                     ~~~~~~~~~~~~~~~~~~~^~
/usr/include/physfs.h:654:25: note: declared here
  654 | PHYSFS_DECL const char *PHYSFS_getLastError(void) PHYSFS_DEPRECATED;
      |                         ^~~~~~~~~~~~~~~~~~~
physfsrwops.cpp: In function 'int physfsrwops_close(SDL_RWops*)':
physfsrwops.cpp:113:72: warning: 'const char* PHYSFS_getLastError()' is deprecated [-Wdeprecated-declarations]
  113 |                 SDL_SetError("PhysicsFS error: %s", PHYSFS_getLastError());
      |                                                     ~~~~~~~~~~~~~~~~~~~^~
/usr/include/physfs.h:654:25: note: declared here
  654 | PHYSFS_DECL const char *PHYSFS_getLastError(void) PHYSFS_DEPRECATED;
      |                         ^~~~~~~~~~~~~~~~~~~
physfsrwops.cpp: In function 'SDL_RWops* create_rwops(PHYSFS_File*)':
physfsrwops.cpp:126:72: warning: 'const char* PHYSFS_getLastError()' is deprecated [-Wdeprecated-declarations]
  126 |                 SDL_SetError("PhysicsFS error: %s", PHYSFS_getLastError());
      |                                                     ~~~~~~~~~~~~~~~~~~~^~
/usr/include/physfs.h:654:25: note: declared here
  654 | PHYSFS_DECL const char *PHYSFS_getLastError(void) PHYSFS_DEPRECATED;
      |                         ^~~~~~~~~~~~~~~~~~~
mv -f .deps/physfsrwops.Tpo .deps/physfsrwops.Plo
/bin/bash ../../../../../libtool  --tag=CXX   --mode=compile g++ -DHAVE_CONFIG_H -I. -I../../../../..  -I/usr/include/sigc++-2.0 -I/usr/lib/x86_64-linux-gnu/sigc++-2.0/include  -I/usr/include/SDL -D_GNU_SOURCE=1 -D_REENTRANT  -I../../../../../source/libs/paragui/include -I/usr/lib/x86_64-linux-gnu/wx/include/gtk3-unicode-3.2 -I/usr/include/wx-3.2 -D_FILE_OFFSET_BITS=64 -DWXUSINGDLL -D__WXGTK__  -g -O2 -Wno-sign-compare -D_UNIX_ -D_SDL_ -I/usr/include/freetype2 -I/usr/include/libpng16   -DSIZE_T_not_identical_to_INT -DXVIDEXPORT -MT pgdatacontainer.lo -MD -MP -MF .deps/pgdatacontainer.Tpo -c -o pgdatacontainer.lo pgdatacontainer.cpp
libtool: compile:  g++ -DHAVE_CONFIG_H -I. -I../../../../.. -I/usr/include/sigc++-2.0 -I/usr/lib/x86_64-linux-gnu/sigc++-2.0/include -I/usr/include/SDL -D_GNU_SOURCE=1 -D_REENTRANT -I../../../../../source/libs/paragui/include -I/usr/lib/x86_64-linux-gnu/wx/include/gtk3-unicode-3.2 -I/usr/include/wx-3.2 -D_FILE_OFFSET_BITS=64 -DWXUSINGDLL -D__WXGTK__ -g -O2 -Wno-sign-compare -D_UNIX_ -D_SDL_ -I/usr/include/freetype2 -I/usr/include/libpng16 -DSIZE_T_not_identical_to_INT -DXVIDEXPORT -MT pgdatacontainer.lo -MD -MP -MF .deps/pgdatacontainer.Tpo -c pgdatacontainer.cpp -o pgdatacontainer.o
mv -f .deps/missing.Tpo .deps/missing.Plo
/bin/bash ../../../../../libtool  --tag=CXX   --mode=compile g++ -DHAVE_CONFIG_H -I. -I../../../../..  -I/usr/include/sigc++-2.0 -I/usr/lib/x86_64-linux-gnu/sigc++-2.0/include  -I/usr/include/SDL -D_GNU_SOURCE=1 -D_REENTRANT  -I../../../../../source/libs/paragui/include -I/usr/lib/x86_64-linux-gnu/wx/include/gtk3-unicode-3.2 -I/usr/include/wx-3.2 -D_FILE_OFFSET_BITS=64 -DWXUSINGDLL -D__WXGTK__  -g -O2 -Wno-sign-compare -D_UNIX_ -D_SDL_ -I/usr/include/freetype2 -I/usr/include/libpng16   -DSIZE_T_not_identical_to_INT -DXVIDEXPORT -MT pgapplication.lo -MD -MP -MF .deps/pgapplication.Tpo -c -o pgapplication.lo pgapplication.cpp
libtool: compile:  g++ -DHAVE_CONFIG_H -I. -I../../../../.. -I/usr/include/sigc++-2.0 -I/usr/lib/x86_64-linux-gnu/sigc++-2.0/include -I/usr/include/SDL -D_GNU_SOURCE=1 -D_REENTRANT -I../../../../../source/libs/paragui/include -I/usr/lib/x86_64-linux-gnu/wx/include/gtk3-unicode-3.2 -I/usr/include/wx-3.2 -D_FILE_OFFSET_BITS=64 -DWXUSINGDLL -D__WXGTK__ -g -O2 -Wno-sign-compare -D_UNIX_ -D_SDL_ -I/usr/include/freetype2 -I/usr/include/libpng16 -DSIZE_T_not_identical_to_INT -DXVIDEXPORT -MT pgapplication.lo -MD -MP -MF .deps/pgapplication.Tpo -c pgapplication.cpp -o pgapplication.o
mv -f .deps/pgdatacontainer.Tpo .deps/pgdatacontainer.Plo
/bin/bash ../../../../../libtool  --tag=CXX   --mode=compile g++ -DHAVE_CONFIG_H -I. -I../../../../..  -I/usr/include/sigc++-2.0 -I/usr/lib/x86_64-linux-gnu/sigc++-2.0/include  -I/usr/include/SDL -D_GNU_SOURCE=1 -D_REENTRANT  -I../../../../../source/libs/paragui/include -I/usr/lib/x86_64-linux-gnu/wx/include/gtk3-unicode-3.2 -I/usr/include/wx-3.2 -D_FILE_OFFSET_BITS=64 -DWXUSINGDLL -D__WXGTK__  -g -O2 -Wno-sign-compare -D_UNIX_ -D_SDL_ -I/usr/include/freetype2 -I/usr/include/libpng16   -DSIZE_T_not_identical_to_INT -DXVIDEXPORT -MT pgcolors.lo -MD -MP -MF .deps/pgcolors.Tpo -c -o pgcolors.lo pgcolors.cpp
libtool: compile:  g++ -DHAVE_CONFIG_H -I. -I../../../../.. -I/usr/include/sigc++-2.0 -I/usr/lib/x86_64-linux-gnu/sigc++-2.0/include -I/usr/include/SDL -D_GNU_SOURCE=1 -D_REENTRANT -I../../../../../source/libs/paragui/include -I/usr/lib/x86_64-linux-gnu/wx/include/gtk3-unicode-3.2 -I/usr/include/wx-3.2 -D_FILE_OFFSET_BITS=64 -DWXUSINGDLL -D__WXGTK__ -g -O2 -Wno-sign-compare -D_UNIX_ -D_SDL_ -I/usr/include/freetype2 -I/usr/include/libpng16 -DSIZE_T_not_identical_to_INT -DXVIDEXPORT -MT pgcolors.lo -MD -MP -MF .deps/pgcolors.Tpo -c pgcolors.cpp -o pgcolors.o
mv -f .deps/pgapplication.Tpo .deps/pgapplication.Plo
/bin/bash ../../../../../libtool  --tag=CXX   --mode=compile g++ -DHAVE_CONFIG_H -I. -I../../../../..  -I/usr/include/sigc++-2.0 -I/usr/lib/x86_64-linux-gnu/sigc++-2.0/include  -I/usr/include/SDL -D_GNU_SOURCE=1 -D_REENTRANT  -I../../../../../source/libs/paragui/include -I/usr/lib/x86_64-linux-gnu/wx/include/gtk3-unicode-3.2 -I/usr/include/wx-3.2 -D_FILE_OFFSET_BITS=64 -DWXUSINGDLL -D__WXGTK__  -g -O2 -Wno-sign-compare -D_UNIX_ -D_SDL_ -I/usr/include/freetype2 -I/usr/include/libpng16   -DSIZE_T_not_identical_to_INT -DXVIDEXPORT -MT pgfilearchive.lo -MD -MP -MF .deps/pgfilearchive.Tpo -c -o pgfilearchive.lo pgfilearchive.cpp
libtool: compile:  g++ -DHAVE_CONFIG_H -I. -I../../../../.. -I/usr/include/sigc++-2.0 -I/usr/lib/x86_64-linux-gnu/sigc++-2.0/include -I/usr/include/SDL -D_GNU_SOURCE=1 -D_REENTRANT -I../../../../../source/libs/paragui/include -I/usr/lib/x86_64-linux-gnu/wx/include/gtk3-unicode-3.2 -I/usr/include/wx-3.2 -D_FILE_OFFSET_BITS=64 -DWXUSINGDLL -D__WXGTK__ -g -O2 -Wno-sign-compare -D_UNIX_ -D_SDL_ -I/usr/include/freetype2 -I/usr/include/libpng16 -DSIZE_T_not_identical_to_INT -DXVIDEXPORT -MT pgfilearchive.lo -MD -MP -MF .deps/pgfilearchive.Tpo -c pgfilearchive.cpp -o pgfilearchive.o
pgfilearchive.cpp: In member function 'void PG_FileArchive::init(const char*)':
pgfilearchive.cpp:58:50: warning: 'const char* PHYSFS_getLastError()' is deprecated [-Wdeprecated-declarations]
   58 |          const char* errstr = PHYSFS_getLastError();
      |                               ~~~~~~~~~~~~~~~~~~~^~
In file included from pgfilearchive.cpp:29:
/usr/include/physfs.h:654:25: note: declared here
  654 | PHYSFS_DECL const char *PHYSFS_getLastError(void) PHYSFS_DEPRECATED;
      |                         ^~~~~~~~~~~~~~~~~~~
pgfilearchive.cpp: In static member function 'static bool PG_FileArchive::AddArchive(const std::string&, bool)':
pgfilearchive.cpp:146:43: warning: 'int PHYSFS_addToSearchPath(const char*, int)' is deprecated [-Wdeprecated-declarations]
  146 |         bool ret = (PHYSFS_addToSearchPath(newpath->c_str(),  append) != 0);
      |                     ~~~~~~~~~~~~~~~~~~~~~~^~~~~~~~~~~~~~~~~~~~~~~~~~~
/usr/include/physfs.h:851:17: note: declared here
  851 | PHYSFS_DECL int PHYSFS_addToSearchPath(const char *newDir, int appendToPath)
      |                 ^~~~~~~~~~~~~~~~~~~~~~
pgfilearchive.cpp: In static member function 'static bool PG_FileArchive::RemoveArchive(const std::string&)':
pgfilearchive.cpp:153:48: warning: 'int PHYSFS_removeFromSearchPath(const char*)' is deprecated [-Wdeprecated-declarations]
  153 |         bool ret = (PHYSFS_removeFromSearchPath(newpath->c_str()) != 0);
      |                     ~~~~~~~~~~~~~~~~~~~~~~~~~~~^~~~~~~~~~~~~~~~~~
/usr/include/physfs.h:878:17: note: declared here
  878 | PHYSFS_DECL int PHYSFS_removeFromSearchPath(const char *oldDir)
      |                 ^~~~~~~~~~~~~~~~~~~~~~~~~~~
pgfilearchive.cpp: In static member function 'static bool PG_FileArchive::IsDirectory(const std::string&)':
pgfilearchive.cpp:188:34: warning: 'int PHYSFS_isDirectory(const char*)' is deprecated [-Wdeprecated-declarations]
  188 |         return PHYSFS_isDirectory(filename.c_str()) != 0;
      |                ~~~~~~~~~~~~~~~~~~^~~~~~~~~~~~~~~~~~
/usr/include/physfs.h:1159:17: note: declared here
 1159 | PHYSFS_DECL int PHYSFS_isDirectory(const char *fname) PHYSFS_DEPRECATED;
      |                 ^~~~~~~~~~~~~~~~~~
pgfilearchive.cpp: In static member function 'static const char* PG_FileArchive::GetLastError()':
pgfilearchive.cpp:200:35: warning: 'const char* PHYSFS_getLastError()' is deprecated [-Wdeprecated-declarations]
  200 |         return PHYSFS_getLastError();
      |                ~~~~~~~~~~~~~~~~~~~^~
/usr/include/physfs.h:654:25: note: declared here
  654 | PHYSFS_DECL const char *PHYSFS_getLastError(void) PHYSFS_DEPRECATED;
      |                         ^~~~~~~~~~~~~~~~~~~
pgfilearchive.cpp: In static member function 'static const char* PG_FileArchive::GetUserDir()':
pgfilearchive.cpp:208:33: warning: 'const char* PHYSFS_getUserDir()' is deprecated [-Wdeprecated-declarations]
  208 |         return PHYSFS_getUserDir();
      |                ~~~~~~~~~~~~~~~~~^~
/usr/include/physfs.h:792:25: note: declared here
  792 | PHYSFS_DECL const char *PHYSFS_getUserDir(void) PHYSFS_DEPRECATED;
      |                         ^~~~~~~~~~~~~~~~~
pgfilearchive.cpp: In static member function 'static bool PG_FileArchive::SetWriteDir(const std::string&)':
pgfilearchive.cpp:257:46: warning: 'int PHYSFS_addToSearchPath(const char*, int)' is deprecated [-Wdeprecated-declarations]
  257 |                 return PHYSFS_addToSearchPath(dir.c_str(), 0) == 1;
      |                        ~~~~~~~~~~~~~~~~~~~~~~^~~~~~~~~~~~~~~~
/usr/include/physfs.h:851:17: note: declared here
  851 | PHYSFS_DECL int PHYSFS_addToSearchPath(const char *newDir, int appendToPath)
      |                 ^~~~~~~~~~~~~~~~~~~~~~
mv -f .deps/pgfilearchive.Tpo .deps/pgfilearchive.Plo
/bin/bash ../../../../../libtool  --tag=CXX   --mode=compile g++ -DHAVE_CONFIG_H -I. -I../../../../..  -I/usr/include/sigc++-2.0 -I/usr/lib/x86_64-linux-gnu/sigc++-2.0/include  -I/usr/include/SDL -D_GNU_SOURCE=1 -D_REENTRANT  -I../../../../../source/libs/paragui/include -I/usr/lib/x86_64-linux-gnu/wx/include/gtk3-unicode-3.2 -I/usr/include/wx-3.2 -D_FILE_OFFSET_BITS=64 -DWXUSINGDLL -D__WXGTK__  -g -O2 -Wno-sign-compare -D_UNIX_ -D_SDL_ -I/usr/include/freetype2 -I/usr/include/libpng16   -DSIZE_T_not_identical_to_INT -DXVIDEXPORT -MT pgfile.lo -MD -MP -MF .deps/pgfile.Tpo -c -o pgfile.lo pgfile.cpp
libtool: compile:  g++ -DHAVE_CONFIG_H -I. -I../../../../.. -I/usr/include/sigc++-2.0 -I/usr/lib/x86_64-linux-gnu/sigc++-2.0/include -I/usr/include/SDL -D_GNU_SOURCE=1 -D_REENTRANT -I../../../../../source/libs/paragui/include -I/usr/lib/x86_64-linux-gnu/wx/include/gtk3-unicode-3.2 -I/usr/include/wx-3.2 -D_FILE_OFFSET_BITS=64 -DWXUSINGDLL -D__WXGTK__ -g -O2 -Wno-sign-compare -D_UNIX_ -D_SDL_ -I/usr/include/freetype2 -I/usr/include/libpng16 -DSIZE_T_not_identical_to_INT -DXVIDEXPORT -MT pgfile.lo -MD -MP -MF .deps/pgfile.Tpo -c pgfile.cpp -o pgfile.o
pgfile.cpp: In member function 'int PG_File::read(void*, unsigned int, unsigned int)':
pgfile.cpp:58:44: warning: 'PHYSFS_sint64 PHYSFS_read(PHYSFS_File*, void*, PHYSFS_uint32, PHYSFS_uint32)' is deprecated [-Wdeprecated-declarations]
   58 |         return static_cast<int>(PHYSFS_read((PHYSFS_file*)file, buffer, objSize, objCount));
      |                                 ~~~~~~~~~~~^~~~~~~~~~~~~~~~~~~~~~~~~~~~~~~~~~~~~~~~~~~~~~~
In file included from pgfile.cpp:30:
/usr/include/physfs.h:1333:27: note: declared here
 1333 | PHYSFS_DECL PHYSFS_sint64 PHYSFS_read(PHYSFS_File *handle,
      |                           ^~~~~~~~~~~
pgfile.cpp: In member function 'int PG_File::write(void*, unsigned int, unsigned int)':
pgfile.cpp:62:45: warning: 'PHYSFS_sint64 PHYSFS_write(PHYSFS_File*, const void*, PHYSFS_uint32, PHYSFS_uint32)' is deprecated [-Wdeprecated-declarations]
   62 |         return static_cast<int>(PHYSFS_write((PHYSFS_file*)file, buffer, objSize, objCount));
      |                                 ~~~~~~~~~~~~^~~~~~~~~~~~~~~~~~~~~~~~~~~~~~~~~~~~~~~~~~~~~~~
/usr/include/physfs.h:1362:27: note: declared here
 1362 | PHYSFS_DECL PHYSFS_sint64 PHYSFS_write(PHYSFS_File *handle,
      |                           ^~~~~~~~~~~~
mv -f .deps/pgfile.Tpo .deps/pgfile.Plo
/bin/bash ../../../../../libtool  --tag=CXX   --mode=compile g++ -DHAVE_CONFIG_H -I. -I../../../../..  -I/usr/include/sigc++-2.0 -I/usr/lib/x86_64-linux-gnu/sigc++-2.0/include  -I/usr/include/SDL -D_GNU_SOURCE=1 -D_REENTRANT  -I../../../../../source/libs/paragui/include -I/usr/lib/x86_64-linux-gnu/wx/include/gtk3-unicode-3.2 -I/usr/include/wx-3.2 -D_FILE_OFFSET_BITS=64 -DWXUSINGDLL -D__WXGTK__  -g -O2 -Wno-sign-compare -D_UNIX_ -D_SDL_ -I/usr/include/freetype2 -I/usr/include/libpng16   -DSIZE_T_not_identical_to_INT -DXVIDEXPORT -MT pglog.lo -MD -MP -MF .deps/pglog.Tpo -c -o pglog.lo pglog.cpp
libtool: compile:  g++ -DHAVE_CONFIG_H -I. -I../../../../.. -I/usr/include/sigc++-2.0 -I/usr/lib/x86_64-linux-gnu/sigc++-2.0/include -I/usr/include/SDL -D_GNU_SOURCE=1 -D_REENTRANT -I../../../../../source/libs/paragui/include -I/usr/lib/x86_64-linux-gnu/wx/include/gtk3-unicode-3.2 -I/usr/include/wx-3.2 -D_FILE_OFFSET_BITS=64 -DWXUSINGDLL -D__WXGTK__ -g -O2 -Wno-sign-compare -D_UNIX_ -D_SDL_ -I/usr/include/freetype2 -I/usr/include/libpng16 -DSIZE_T_not_identical_to_INT -DXVIDEXPORT -MT pglog.lo -MD -MP -MF .deps/pglog.Tpo -c pglog.cpp -o pglog.o
mv -f .deps/pgcolors.Tpo .deps/pgcolors.Plo
/bin/bash ../../../../../libtool  --tag=CXX   --mode=compile g++ -DHAVE_CONFIG_H -I. -I../../../../..  -I/usr/include/sigc++-2.0 -I/usr/lib/x86_64-linux-gnu/sigc++-2.0/include  -I/usr/include/SDL -D_GNU_SOURCE=1 -D_REENTRANT  -I../../../../../source/libs/paragui/include -I/usr/lib/x86_64-linux-gnu/wx/include/gtk3-unicode-3.2 -I/usr/include/wx-3.2 -D_FILE_OFFSET_BITS=64 -DWXUSINGDLL -D__WXGTK__  -g -O2 -Wno-sign-compare -D_UNIX_ -D_SDL_ -I/usr/include/freetype2 -I/usr/include/libpng16   -DSIZE_T_not_identical_to_INT -DXVIDEXPORT -MT pgmain.lo -MD -MP -MF .deps/pgmain.Tpo -c -o pgmain.lo pgmain.cpp
libtool: compile:  g++ -DHAVE_CONFIG_H -I. -I../../../../.. -I/usr/include/sigc++-2.0 -I/usr/lib/x86_64-linux-gnu/sigc++-2.0/include -I/usr/include/SDL -D_GNU_SOURCE=1 -D_REENTRANT -I../../../../../source/libs/paragui/include -I/usr/lib/x86_64-linux-gnu/wx/include/gtk3-unicode-3.2 -I/usr/include/wx-3.2 -D_FILE_OFFSET_BITS=64 -DWXUSINGDLL -D__WXGTK__ -g -O2 -Wno-sign-compare -D_UNIX_ -D_SDL_ -I/usr/include/freetype2 -I/usr/include/libpng16 -DSIZE_T_not_identical_to_INT -DXVIDEXPORT -MT pgmain.lo -MD -MP -MF .deps/pgmain.Tpo -c pgmain.cpp -o pgmain.o
mv -f .deps/pgmain.Tpo .deps/pgmain.Plo
/bin/bash ../../../../../libtool  --tag=CXX   --mode=compile g++ -DHAVE_CONFIG_H -I. -I../../../../..  -I/usr/include/sigc++-2.0 -I/usr/lib/x86_64-linux-gnu/sigc++-2.0/include  -I/usr/include/SDL -D_GNU_SOURCE=1 -D_REENTRANT  -I../../../../../source/libs/paragui/include -I/usr/lib/x86_64-linux-gnu/wx/include/gtk3-unicode-3.2 -I/usr/include/wx-3.2 -D_FILE_OFFSET_BITS=64 -DWXUSINGDLL -D__WXGTK__  -g -O2 -Wno-sign-compare -D_UNIX_ -D_SDL_ -I/usr/include/freetype2 -I/usr/include/libpng16   -DSIZE_T_not_identical_to_INT -DXVIDEXPORT -MT pgmessageobject.lo -MD -MP -MF .deps/pgmessageobject.Tpo -c -o pgmessageobject.lo pgmessageobject.cpp
mv -f .deps/pglog.Tpo .deps/pglog.Plo
/bin/bash ../../../../../libtool  --tag=CXX   --mode=compile g++ -DHAVE_CONFIG_H -I. -I../../../../..  -I/usr/include/sigc++-2.0 -I/usr/lib/x86_64-linux-gnu/sigc++-2.0/include  -I/usr/include/SDL -D_GNU_SOURCE=1 -D_REENTRANT  -I../../../../../source/libs/paragui/include -I/usr/lib/x86_64-linux-gnu/wx/include/gtk3-unicode-3.2 -I/usr/include/wx-3.2 -D_FILE_OFFSET_BITS=64 -DWXUSINGDLL -D__WXGTK__  -g -O2 -Wno-sign-compare -D_UNIX_ -D_SDL_ -I/usr/include/freetype2 -I/usr/include/libpng16   -DSIZE_T_not_identical_to_INT -DXVIDEXPORT -MT pgnavigator.lo -MD -MP -MF .deps/pgnavigator.Tpo -c -o pgnavigator.lo pgnavigator.cpp
libtool: compile:  g++ -DHAVE_CONFIG_H -I. -I../../../../.. -I/usr/include/sigc++-2.0 -I/usr/lib/x86_64-linux-gnu/sigc++-2.0/include -I/usr/include/SDL -D_GNU_SOURCE=1 -D_REENTRANT -I../../../../../source/libs/paragui/include -I/usr/lib/x86_64-linux-gnu/wx/include/gtk3-unicode-3.2 -I/usr/include/wx-3.2 -D_FILE_OFFSET_BITS=64 -DWXUSINGDLL -D__WXGTK__ -g -O2 -Wno-sign-compare -D_UNIX_ -D_SDL_ -I/usr/include/freetype2 -I/usr/include/libpng16 -DSIZE_T_not_identical_to_INT -DXVIDEXPORT -MT pgmessageobject.lo -MD -MP -MF .deps/pgmessageobject.Tpo -c pgmessageobject.cpp -o pgmessageobject.o
libtool: compile:  g++ -DHAVE_CONFIG_H -I. -I../../../../.. -I/usr/include/sigc++-2.0 -I/usr/lib/x86_64-linux-gnu/sigc++-2.0/include -I/usr/include/SDL -D_GNU_SOURCE=1 -D_REENTRANT -I../../../../../source/libs/paragui/include -I/usr/lib/x86_64-linux-gnu/wx/include/gtk3-unicode-3.2 -I/usr/include/wx-3.2 -D_FILE_OFFSET_BITS=64 -DWXUSINGDLL -D__WXGTK__ -g -O2 -Wno-sign-compare -D_UNIX_ -D_SDL_ -I/usr/include/freetype2 -I/usr/include/libpng16 -DSIZE_T_not_identical_to_INT -DXVIDEXPORT -MT pgnavigator.lo -MD -MP -MF .deps/pgnavigator.Tpo -c pgnavigator.cpp -o pgnavigator.o
mv -f .deps/pgnavigator.Tpo .deps/pgnavigator.Plo
/bin/bash ../../../../../libtool  --tag=CXX   --mode=compile g++ -DHAVE_CONFIG_H -I. -I../../../../..  -I/usr/include/sigc++-2.0 -I/usr/lib/x86_64-linux-gnu/sigc++-2.0/include  -I/usr/include/SDL -D_GNU_SOURCE=1 -D_REENTRANT  -I../../../../../source/libs/paragui/include -I/usr/lib/x86_64-linux-gnu/wx/include/gtk3-unicode-3.2 -I/usr/include/wx-3.2 -D_FILE_OFFSET_BITS=64 -DWXUSINGDLL -D__WXGTK__  -g -O2 -Wno-sign-compare -D_UNIX_ -D_SDL_ -I/usr/include/freetype2 -I/usr/include/libpng16   -DSIZE_T_not_identical_to_INT -DXVIDEXPORT -MT pgrectlist.lo -MD -MP -MF .deps/pgrectlist.Tpo -c -o pgrectlist.lo pgrectlist.cpp
mv -f .deps/pgmessageobject.Tpo .deps/pgmessageobject.Plo
/bin/bash ../../../../../libtool  --tag=CXX   --mode=compile g++ -DHAVE_CONFIG_H -I. -I../../../../..  -I/usr/include/sigc++-2.0 -I/usr/lib/x86_64-linux-gnu/sigc++-2.0/include  -I/usr/include/SDL -D_GNU_SOURCE=1 -D_REENTRANT  -I../../../../../source/libs/paragui/include -I/usr/lib/x86_64-linux-gnu/wx/include/gtk3-unicode-3.2 -I/usr/include/wx-3.2 -D_FILE_OFFSET_BITS=64 -DWXUSINGDLL -D__WXGTK__  -g -O2 -Wno-sign-compare -D_UNIX_ -D_SDL_ -I/usr/include/freetype2 -I/usr/include/libpng16   -DSIZE_T_not_identical_to_INT -DXVIDEXPORT -MT pgsurfacecache.lo -MD -MP -MF .deps/pgsurfacecache.Tpo -c -o pgsurfacecache.lo pgsurfacecache.cpp
libtool: compile:  g++ -DHAVE_CONFIG_H -I. -I../../../../.. -I/usr/include/sigc++-2.0 -I/usr/lib/x86_64-linux-gnu/sigc++-2.0/include -I/usr/include/SDL -D_GNU_SOURCE=1 -D_REENTRANT -I../../../../../source/libs/paragui/include -I/usr/lib/x86_64-linux-gnu/wx/include/gtk3-unicode-3.2 -I/usr/include/wx-3.2 -D_FILE_OFFSET_BITS=64 -DWXUSINGDLL -D__WXGTK__ -g -O2 -Wno-sign-compare -D_UNIX_ -D_SDL_ -I/usr/include/freetype2 -I/usr/include/libpng16 -DSIZE_T_not_identical_to_INT -DXVIDEXPORT -MT pgrectlist.lo -MD -MP -MF .deps/pgrectlist.Tpo -c pgrectlist.cpp -o pgrectlist.o
libtool: compile:  g++ -DHAVE_CONFIG_H -I. -I../../../../.. -I/usr/include/sigc++-2.0 -I/usr/lib/x86_64-linux-gnu/sigc++-2.0/include -I/usr/include/SDL -D_GNU_SOURCE=1 -D_REENTRANT -I../../../../../source/libs/paragui/include -I/usr/lib/x86_64-linux-gnu/wx/include/gtk3-unicode-3.2 -I/usr/include/wx-3.2 -D_FILE_OFFSET_BITS=64 -DWXUSINGDLL -D__WXGTK__ -g -O2 -Wno-sign-compare -D_UNIX_ -D_SDL_ -I/usr/include/freetype2 -I/usr/include/libpng16 -DSIZE_T_not_identical_to_INT -DXVIDEXPORT -MT pgsurfacecache.lo -MD -MP -MF .deps/pgsurfacecache.Tpo -c pgsurfacecache.cpp -o pgsurfacecache.o
pgrectlist.cpp: In member function 'void PG_RectList::Add(PG_Widget*, bool)':
pgrectlist.cpp:97:25: warning: result of '2^31' is 29; did you mean '1LL << 31'? [-Wxor-used-as-pow]
   97 |         Uint32 index = 2^31;
      |                         ^
      |                        --
      |                        1LL<<
pgrectlist.cpp:97:24: note: you can silence this warning by using a hexadecimal constant (0x2 rather than 2)
   97 |         Uint32 index = 2^31;
      |                        ^
      |                        0x2
mv -f .deps/pgrectlist.Tpo .deps/pgrectlist.Plo
/bin/bash ../../../../../libtool  --tag=CXX   --mode=compile g++ -DHAVE_CONFIG_H -I. -I../../../../..  -I/usr/include/sigc++-2.0 -I/usr/lib/x86_64-linux-gnu/sigc++-2.0/include  -I/usr/include/SDL -D_GNU_SOURCE=1 -D_REENTRANT  -I../../../../../source/libs/paragui/include -I/usr/lib/x86_64-linux-gnu/wx/include/gtk3-unicode-3.2 -I/usr/include/wx-3.2 -D_FILE_OFFSET_BITS=64 -DWXUSINGDLL -D__WXGTK__  -g -O2 -Wno-sign-compare -D_UNIX_ -D_SDL_ -I/usr/include/freetype2 -I/usr/include/libpng16   -DSIZE_T_not_identical_to_INT -DXVIDEXPORT -MT pgtimerobject.lo -MD -MP -MF .deps/pgtimerobject.Tpo -c -o pgtimerobject.lo pgtimerobject.cpp
libtool: compile:  g++ -DHAVE_CONFIG_H -I. -I../../../../.. -I/usr/include/sigc++-2.0 -I/usr/lib/x86_64-linux-gnu/sigc++-2.0/include -I/usr/include/SDL -D_GNU_SOURCE=1 -D_REENTRANT -I../../../../../source/libs/paragui/include -I/usr/lib/x86_64-linux-gnu/wx/include/gtk3-unicode-3.2 -I/usr/include/wx-3.2 -D_FILE_OFFSET_BITS=64 -DWXUSINGDLL -D__WXGTK__ -g -O2 -Wno-sign-compare -D_UNIX_ -D_SDL_ -I/usr/include/freetype2 -I/usr/include/libpng16 -DSIZE_T_not_identical_to_INT -DXVIDEXPORT -MT pgtimerobject.lo -MD -MP -MF .deps/pgtimerobject.Tpo -c pgtimerobject.cpp -o pgtimerobject.o
mv -f .deps/pgsurfacecache.Tpo .deps/pgsurfacecache.Plo
/bin/bash ../../../../../libtool  --tag=CXX   --mode=compile g++ -DHAVE_CONFIG_H -I. -I../../../../..  -I/usr/include/sigc++-2.0 -I/usr/lib/x86_64-linux-gnu/sigc++-2.0/include  -I/usr/include/SDL -D_GNU_SOURCE=1 -D_REENTRANT  -I../../../../../source/libs/paragui/include -I/usr/lib/x86_64-linux-gnu/wx/include/gtk3-unicode-3.2 -I/usr/include/wx-3.2 -D_FILE_OFFSET_BITS=64 -DWXUSINGDLL -D__WXGTK__  -g -O2 -Wno-sign-compare -D_UNIX_ -D_SDL_ -I/usr/include/freetype2 -I/usr/include/libpng16   -DSIZE_T_not_identical_to_INT -DXVIDEXPORT -MT pgcolor.lo -MD -MP -MF .deps/pgcolor.Tpo -c -o pgcolor.lo pgcolor.cpp
libtool: compile:  g++ -DHAVE_CONFIG_H -I. -I../../../../.. -I/usr/include/sigc++-2.0 -I/usr/lib/x86_64-linux-gnu/sigc++-2.0/include -I/usr/include/SDL -D_GNU_SOURCE=1 -D_REENTRANT -I../../../../../source/libs/paragui/include -I/usr/lib/x86_64-linux-gnu/wx/include/gtk3-unicode-3.2 -I/usr/include/wx-3.2 -D_FILE_OFFSET_BITS=64 -DWXUSINGDLL -D__WXGTK__ -g -O2 -Wno-sign-compare -D_UNIX_ -D_SDL_ -I/usr/include/freetype2 -I/usr/include/libpng16 -DSIZE_T_not_identical_to_INT -DXVIDEXPORT -MT pgcolor.lo -MD -MP -MF .deps/pgcolor.Tpo -c pgcolor.cpp -o pgcolor.o
mv -f .deps/pgcolor.Tpo .deps/pgcolor.Plo
/bin/bash ../../../../../libtool  --tag=CXX   --mode=compile g++ -DHAVE_CONFIG_H -I. -I../../../../..  -I/usr/include/sigc++-2.0 -I/usr/lib/x86_64-linux-gnu/sigc++-2.0/include  -I/usr/include/SDL -D_GNU_SOURCE=1 -D_REENTRANT  -I../../../../../source/libs/paragui/include -I/usr/lib/x86_64-linux-gnu/wx/include/gtk3-unicode-3.2 -I/usr/include/wx-3.2 -D_FILE_OFFSET_BITS=64 -DWXUSINGDLL -D__WXGTK__  -g -O2 -Wno-sign-compare -D_UNIX_ -D_SDL_ -I/usr/include/freetype2 -I/usr/include/libpng16   -DSIZE_T_not_identical_to_INT -DXVIDEXPORT -MT pgsdleventsupplier.lo -MD -MP -MF .deps/pgsdleventsupplier.Tpo -c -o pgsdleventsupplier.lo pgsdleventsupplier.cpp
libtool: compile:  g++ -DHAVE_CONFIG_H -I. -I../../../../.. -I/usr/include/sigc++-2.0 -I/usr/lib/x86_64-linux-gnu/sigc++-2.0/include -I/usr/include/SDL -D_GNU_SOURCE=1 -D_REENTRANT -I../../../../../source/libs/paragui/include -I/usr/lib/x86_64-linux-gnu/wx/include/gtk3-unicode-3.2 -I/usr/include/wx-3.2 -D_FILE_OFFSET_BITS=64 -DWXUSINGDLL -D__WXGTK__ -g -O2 -Wno-sign-compare -D_UNIX_ -D_SDL_ -I/usr/include/freetype2 -I/usr/include/libpng16 -DSIZE_T_not_identical_to_INT -DXVIDEXPORT -MT pgsdleventsupplier.lo -MD -MP -MF .deps/pgsdleventsupplier.Tpo -c pgsdleventsupplier.cpp -o pgsdleventsupplier.o
mv -f .deps/pgsdleventsupplier.Tpo .deps/pgsdleventsupplier.Plo
/bin/bash ../../../../../libtool  --tag=CXX   --mode=compile g++ -DHAVE_CONFIG_H -I. -I../../../../..  -I/usr/include/sigc++-2.0 -I/usr/lib/x86_64-linux-gnu/sigc++-2.0/include  -I/usr/include/SDL -D_GNU_SOURCE=1 -D_REENTRANT  -I../../../../../source/libs/paragui/include -I/usr/lib/x86_64-linux-gnu/wx/include/gtk3-unicode-3.2 -I/usr/include/wx-3.2 -D_FILE_OFFSET_BITS=64 -DWXUSINGDLL -D__WXGTK__  -g -O2 -Wno-sign-compare -D_UNIX_ -D_SDL_ -I/usr/include/freetype2 -I/usr/include/libpng16   -DSIZE_T_not_identical_to_INT -DXVIDEXPORT -MT pgsdlscreenupdater.lo -MD -MP -MF .deps/pgsdlscreenupdater.Tpo -c -o pgsdlscreenupdater.lo pgsdlscreenupdater.cpp
libtool: compile:  g++ -DHAVE_CONFIG_H -I. -I../../../../.. -I/usr/include/sigc++-2.0 -I/usr/lib/x86_64-linux-gnu/sigc++-2.0/include -I/usr/include/SDL -D_GNU_SOURCE=1 -D_REENTRANT -I../../../../../source/libs/paragui/include -I/usr/lib/x86_64-linux-gnu/wx/include/gtk3-unicode-3.2 -I/usr/include/wx-3.2 -D_FILE_OFFSET_BITS=64 -DWXUSINGDLL -D__WXGTK__ -g -O2 -Wno-sign-compare -D_UNIX_ -D_SDL_ -I/usr/include/freetype2 -I/usr/include/libpng16 -DSIZE_T_not_identical_to_INT -DXVIDEXPORT -MT pgsdlscreenupdater.lo -MD -MP -MF .deps/pgsdlscreenupdater.Tpo -c pgsdlscreenupdater.cpp -o pgsdlscreenupdater.o
mv -f .deps/pgsdlscreenupdater.Tpo .deps/pgsdlscreenupdater.Plo
mv -f .deps/pgtimerobject.Tpo .deps/pgtimerobject.Plo
/bin/bash ../../../../../libtool  --tag=CXX   --mode=link g++  -g -O2 -Wno-sign-compare -D_UNIX_ -D_SDL_ -I/usr/include/freetype2 -I/usr/include/libpng16   -DSIZE_T_not_identical_to_INT -DXVIDEXPORT   -o libpgcore.la  physfsrwops.lo missing.lo pgdatacontainer.lo pgapplication.lo pgcolors.lo pgfilearchive.lo pgfile.lo pglog.lo pgmain.lo pgmessageobject.lo pgnavigator.lo pgrectlist.lo pgsurfacecache.lo pgtimerobject.lo pgcolor.lo pgsdleventsupplier.lo pgsdlscreenupdater.lo -lSDL -lsigc-2.0  -lpng -lbz2  
libtool: link: ar cr .libs/libpgcore.a  physfsrwops.o missing.o pgdatacontainer.o pgapplication.o pgcolors.o pgfilearchive.o pgfile.o pglog.o pgmain.o pgmessageobject.o pgnavigator.o pgrectlist.o pgsurfacecache.o pgtimerobject.o pgcolor.o pgsdleventsupplier.o pgsdlscreenupdater.o
libtool: link: ranlib .libs/libpgcore.a
libtool: link: ( cd ".libs" && rm -f "libpgcore.la" && ln -s "../libpgcore.la" "libpgcore.la" )
make[6]: Leaving directory '/home/vboxuser/projects/asc-hq-codex/source/libs/paragui/src/core'
Making all in widgets
make[6]: Entering directory '/home/vboxuser/projects/asc-hq-codex/source/libs/paragui/src/widgets'
/bin/bash ../../../../../libtool  --tag=CXX   --mode=compile g++ -DHAVE_CONFIG_H -I. -I../../../../..  -I/usr/include/sigc++-2.0 -I/usr/lib/x86_64-linux-gnu/sigc++-2.0/include   -I/usr/include/SDL -D_GNU_SOURCE=1 -D_REENTRANT -I../../../../../source/libs/paragui/include -I/usr/lib/x86_64-linux-gnu/wx/include/gtk3-unicode-3.2 -I/usr/include/wx-3.2 -D_FILE_OFFSET_BITS=64 -DWXUSINGDLL -D__WXGTK__  -g -O2 -Wno-sign-compare -D_UNIX_ -D_SDL_ -I/usr/include/freetype2 -I/usr/include/libpng16   -DSIZE_T_not_identical_to_INT -DXVIDEXPORT -MT pgbutton.lo -MD -MP -MF .deps/pgbutton.Tpo -c -o pgbutton.lo pgbutton.cpp
/bin/bash ../../../../../libtool  --tag=CXX   --mode=compile g++ -DHAVE_CONFIG_H -I. -I../../../../..  -I/usr/include/sigc++-2.0 -I/usr/lib/x86_64-linux-gnu/sigc++-2.0/include   -I/usr/include/SDL -D_GNU_SOURCE=1 -D_REENTRANT -I../../../../../source/libs/paragui/include -I/usr/lib/x86_64-linux-gnu/wx/include/gtk3-unicode-3.2 -I/usr/include/wx-3.2 -D_FILE_OFFSET_BITS=64 -DWXUSINGDLL -D__WXGTK__  -g -O2 -Wno-sign-compare -D_UNIX_ -D_SDL_ -I/usr/include/freetype2 -I/usr/include/libpng16   -DSIZE_T_not_identical_to_INT -DXVIDEXPORT -MT pgcheckbutton.lo -MD -MP -MF .deps/pgcheckbutton.Tpo -c -o pgcheckbutton.lo pgcheckbutton.cpp
libtool: compile:  g++ -DHAVE_CONFIG_H -I. -I../../../../.. -I/usr/include/sigc++-2.0 -I/usr/lib/x86_64-linux-gnu/sigc++-2.0/include -I/usr/include/SDL -D_GNU_SOURCE=1 -D_REENTRANT -I../../../../../source/libs/paragui/include -I/usr/lib/x86_64-linux-gnu/wx/include/gtk3-unicode-3.2 -I/usr/include/wx-3.2 -D_FILE_OFFSET_BITS=64 -DWXUSINGDLL -D__WXGTK__ -g -O2 -Wno-sign-compare -D_UNIX_ -D_SDL_ -I/usr/include/freetype2 -I/usr/include/libpng16 -DSIZE_T_not_identical_to_INT -DXVIDEXPORT -MT pgcheckbutton.lo -MD -MP -MF .deps/pgcheckbutton.Tpo -c pgcheckbutton.cpp -o pgcheckbutton.o
libtool: compile:  g++ -DHAVE_CONFIG_H -I. -I../../../../.. -I/usr/include/sigc++-2.0 -I/usr/lib/x86_64-linux-gnu/sigc++-2.0/include -I/usr/include/SDL -D_GNU_SOURCE=1 -D_REENTRANT -I../../../../../source/libs/paragui/include -I/usr/lib/x86_64-linux-gnu/wx/include/gtk3-unicode-3.2 -I/usr/include/wx-3.2 -D_FILE_OFFSET_BITS=64 -DWXUSINGDLL -D__WXGTK__ -g -O2 -Wno-sign-compare -D_UNIX_ -D_SDL_ -I/usr/include/freetype2 -I/usr/include/libpng16 -DSIZE_T_not_identical_to_INT -DXVIDEXPORT -MT pgbutton.lo -MD -MP -MF .deps/pgbutton.Tpo -c pgbutton.cpp -o pgbutton.o
mv -f .deps/pgcheckbutton.Tpo .deps/pgcheckbutton.Plo
/bin/bash ../../../../../libtool  --tag=CXX   --mode=compile g++ -DHAVE_CONFIG_H -I. -I../../../../..  -I/usr/include/sigc++-2.0 -I/usr/lib/x86_64-linux-gnu/sigc++-2.0/include   -I/usr/include/SDL -D_GNU_SOURCE=1 -D_REENTRANT -I../../../../../source/libs/paragui/include -I/usr/lib/x86_64-linux-gnu/wx/include/gtk3-unicode-3.2 -I/usr/include/wx-3.2 -D_FILE_OFFSET_BITS=64 -DWXUSINGDLL -D__WXGTK__  -g -O2 -Wno-sign-compare -D_UNIX_ -D_SDL_ -I/usr/include/freetype2 -I/usr/include/libpng16   -DSIZE_T_not_identical_to_INT -DXVIDEXPORT -MT pgcolumnitem.lo -MD -MP -MF .deps/pgcolumnitem.Tpo -c -o pgcolumnitem.lo pgcolumnitem.cpp
libtool: compile:  g++ -DHAVE_CONFIG_H -I. -I../../../../.. -I/usr/include/sigc++-2.0 -I/usr/lib/x86_64-linux-gnu/sigc++-2.0/include -I/usr/include/SDL -D_GNU_SOURCE=1 -D_REENTRANT -I../../../../../source/libs/paragui/include -I/usr/lib/x86_64-linux-gnu/wx/include/gtk3-unicode-3.2 -I/usr/include/wx-3.2 -D_FILE_OFFSET_BITS=64 -DWXUSINGDLL -D__WXGTK__ -g -O2 -Wno-sign-compare -D_UNIX_ -D_SDL_ -I/usr/include/freetype2 -I/usr/include/libpng16 -DSIZE_T_not_identical_to_INT -DXVIDEXPORT -MT pgcolumnitem.lo -MD -MP -MF .deps/pgcolumnitem.Tpo -c pgcolumnitem.cpp -o pgcolumnitem.o
mv -f .deps/pgbutton.Tpo .deps/pgbutton.Plo
/bin/bash ../../../../../libtool  --tag=CXX   --mode=compile g++ -DHAVE_CONFIG_H -I. -I../../../../..  -I/usr/include/sigc++-2.0 -I/usr/lib/x86_64-linux-gnu/sigc++-2.0/include   -I/usr/include/SDL -D_GNU_SOURCE=1 -D_REENTRANT -I../../../../../source/libs/paragui/include -I/usr/lib/x86_64-linux-gnu/wx/include/gtk3-unicode-3.2 -I/usr/include/wx-3.2 -D_FILE_OFFSET_BITS=64 -DWXUSINGDLL -D__WXGTK__  -g -O2 -Wno-sign-compare -D_UNIX_ -D_SDL_ -I/usr/include/freetype2 -I/usr/include/libpng16   -DSIZE_T_not_identical_to_INT -DXVIDEXPORT -MT pgdropdown.lo -MD -MP -MF .deps/pgdropdown.Tpo -c -o pgdropdown.lo pgdropdown.cpp
mv -f .deps/pgcolumnitem.Tpo .deps/pgcolumnitem.Plo
/bin/bash ../../../../../libtool  --tag=CXX   --mode=compile g++ -DHAVE_CONFIG_H -I. -I../../../../..  -I/usr/include/sigc++-2.0 -I/usr/lib/x86_64-linux-gnu/sigc++-2.0/include   -I/usr/include/SDL -D_GNU_SOURCE=1 -D_REENTRANT -I../../../../../source/libs/paragui/include -I/usr/lib/x86_64-linux-gnu/wx/include/gtk3-unicode-3.2 -I/usr/include/wx-3.2 -D_FILE_OFFSET_BITS=64 -DWXUSINGDLL -D__WXGTK__  -g -O2 -Wno-sign-compare -D_UNIX_ -D_SDL_ -I/usr/include/freetype2 -I/usr/include/libpng16   -DSIZE_T_not_identical_to_INT -DXVIDEXPORT -MT pgimage.lo -MD -MP -MF .deps/pgimage.Tpo -c -o pgimage.lo pgimage.cpp
libtool: compile:  g++ -DHAVE_CONFIG_H -I. -I../../../../.. -I/usr/include/sigc++-2.0 -I/usr/lib/x86_64-linux-gnu/sigc++-2.0/include -I/usr/include/SDL -D_GNU_SOURCE=1 -D_REENTRANT -I../../../../../source/libs/paragui/include -I/usr/lib/x86_64-linux-gnu/wx/include/gtk3-unicode-3.2 -I/usr/include/wx-3.2 -D_FILE_OFFSET_BITS=64 -DWXUSINGDLL -D__WXGTK__ -g -O2 -Wno-sign-compare -D_UNIX_ -D_SDL_ -I/usr/include/freetype2 -I/usr/include/libpng16 -DSIZE_T_not_identical_to_INT -DXVIDEXPORT -MT pgdropdown.lo -MD -MP -MF .deps/pgdropdown.Tpo -c pgdropdown.cpp -o pgdropdown.o
libtool: compile:  g++ -DHAVE_CONFIG_H -I. -I../../../../.. -I/usr/include/sigc++-2.0 -I/usr/lib/x86_64-linux-gnu/sigc++-2.0/include -I/usr/include/SDL -D_GNU_SOURCE=1 -D_REENTRANT -I../../../../../source/libs/paragui/include -I/usr/lib/x86_64-linux-gnu/wx/include/gtk3-unicode-3.2 -I/usr/include/wx-3.2 -D_FILE_OFFSET_BITS=64 -DWXUSINGDLL -D__WXGTK__ -g -O2 -Wno-sign-compare -D_UNIX_ -D_SDL_ -I/usr/include/freetype2 -I/usr/include/libpng16 -DSIZE_T_not_identical_to_INT -DXVIDEXPORT -MT pgimage.lo -MD -MP -MF .deps/pgimage.Tpo -c pgimage.cpp -o pgimage.o
mv -f .deps/pgimage.Tpo .deps/pgimage.Plo
/bin/bash ../../../../../libtool  --tag=CXX   --mode=compile g++ -DHAVE_CONFIG_H -I. -I../../../../..  -I/usr/include/sigc++-2.0 -I/usr/lib/x86_64-linux-gnu/sigc++-2.0/include   -I/usr/include/SDL -D_GNU_SOURCE=1 -D_REENTRANT -I../../../../../source/libs/paragui/include -I/usr/lib/x86_64-linux-gnu/wx/include/gtk3-unicode-3.2 -I/usr/include/wx-3.2 -D_FILE_OFFSET_BITS=64 -DWXUSINGDLL -D__WXGTK__  -g -O2 -Wno-sign-compare -D_UNIX_ -D_SDL_ -I/usr/include/freetype2 -I/usr/include/libpng16   -DSIZE_T_not_identical_to_INT -DXVIDEXPORT -MT pglabel.lo -MD -MP -MF .deps/pglabel.Tpo -c -o pglabel.lo pglabel.cpp
libtool: compile:  g++ -DHAVE_CONFIG_H -I. -I../../../../.. -I/usr/include/sigc++-2.0 -I/usr/lib/x86_64-linux-gnu/sigc++-2.0/include -I/usr/include/SDL -D_GNU_SOURCE=1 -D_REENTRANT -I../../../../../source/libs/paragui/include -I/usr/lib/x86_64-linux-gnu/wx/include/gtk3-unicode-3.2 -I/usr/include/wx-3.2 -D_FILE_OFFSET_BITS=64 -DWXUSINGDLL -D__WXGTK__ -g -O2 -Wno-sign-compare -D_UNIX_ -D_SDL_ -I/usr/include/freetype2 -I/usr/include/libpng16 -DSIZE_T_not_identical_to_INT -DXVIDEXPORT -MT pglabel.lo -MD -MP -MF .deps/pglabel.Tpo -c pglabel.cpp -o pglabel.o
mv -f .deps/pgdropdown.Tpo .deps/pgdropdown.Plo
/bin/bash ../../../../../libtool  --tag=CXX   --mode=compile g++ -DHAVE_CONFIG_H -I. -I../../../../..  -I/usr/include/sigc++-2.0 -I/usr/lib/x86_64-linux-gnu/sigc++-2.0/include   -I/usr/include/SDL -D_GNU_SOURCE=1 -D_REENTRANT -I../../../../../source/libs/paragui/include -I/usr/lib/x86_64-linux-gnu/wx/include/gtk3-unicode-3.2 -I/usr/include/wx-3.2 -D_FILE_OFFSET_BITS=64 -DWXUSINGDLL -D__WXGTK__  -g -O2 -Wno-sign-compare -D_UNIX_ -D_SDL_ -I/usr/include/freetype2 -I/usr/include/libpng16   -DSIZE_T_not_identical_to_INT -DXVIDEXPORT -MT pglayout.lo -MD -MP -MF .deps/pglayout.Tpo -c -o pglayout.lo pglayout.cpp
libtool: compile:  g++ -DHAVE_CONFIG_H -I. -I../../../../.. -I/usr/include/sigc++-2.0 -I/usr/lib/x86_64-linux-gnu/sigc++-2.0/include -I/usr/include/SDL -D_GNU_SOURCE=1 -D_REENTRANT -I../../../../../source/libs/paragui/include -I/usr/lib/x86_64-linux-gnu/wx/include/gtk3-unicode-3.2 -I/usr/include/wx-3.2 -D_FILE_OFFSET_BITS=64 -DWXUSINGDLL -D__WXGTK__ -g -O2 -Wno-sign-compare -D_UNIX_ -D_SDL_ -I/usr/include/freetype2 -I/usr/include/libpng16 -DSIZE_T_not_identical_to_INT -DXVIDEXPORT -MT pglayout.lo -MD -MP -MF .deps/pglayout.Tpo -c pglayout.cpp -o pglayout.o
mv -f .deps/pglabel.Tpo .deps/pglabel.Plo
/bin/bash ../../../../../libtool  --tag=CXX   --mode=compile g++ -DHAVE_CONFIG_H -I. -I../../../../..  -I/usr/include/sigc++-2.0 -I/usr/lib/x86_64-linux-gnu/sigc++-2.0/include   -I/usr/include/SDL -D_GNU_SOURCE=1 -D_REENTRANT -I../../../../../source/libs/paragui/include -I/usr/lib/x86_64-linux-gnu/wx/include/gtk3-unicode-3.2 -I/usr/include/wx-3.2 -D_FILE_OFFSET_BITS=64 -DWXUSINGDLL -D__WXGTK__  -g -O2 -Wno-sign-compare -D_UNIX_ -D_SDL_ -I/usr/include/freetype2 -I/usr/include/libpng16   -DSIZE_T_not_identical_to_INT -DXVIDEXPORT -MT pglineedit.lo -MD -MP -MF .deps/pglineedit.Tpo -c -o pglineedit.lo pglineedit.cpp
libtool: compile:  g++ -DHAVE_CONFIG_H -I. -I../../../../.. -I/usr/include/sigc++-2.0 -I/usr/lib/x86_64-linux-gnu/sigc++-2.0/include -I/usr/include/SDL -D_GNU_SOURCE=1 -D_REENTRANT -I../../../../../source/libs/paragui/include -I/usr/lib/x86_64-linux-gnu/wx/include/gtk3-unicode-3.2 -I/usr/include/wx-3.2 -D_FILE_OFFSET_BITS=64 -DWXUSINGDLL -D__WXGTK__ -g -O2 -Wno-sign-compare -D_UNIX_ -D_SDL_ -I/usr/include/freetype2 -I/usr/include/libpng16 -DSIZE_T_not_identical_to_INT -DXVIDEXPORT -MT pglineedit.lo -MD -MP -MF .deps/pglineedit.Tpo -c pglineedit.cpp -o pglineedit.o
In file included from pglayout.cpp:25:
../../../../../source/libs/paragui/include/pgpopupmenu.h:175:34: warning: 'template<class _Arg, class _Result> struct std::unary_function' is deprecated [-Wdeprecated-declarations]
  175 | class item_with_id : public std::unary_function<MenuItem*, bool> {
      |                                  ^~~~~~~~~~~~~~
In file included from /usr/include/c++/13/string:49,
                 from ../../../../../source/libs/paragui/include/paragui.h:172,
                 from pglayout.cpp:1:
/usr/include/c++/13/bits/stl_function.h:117:12: note: declared here
  117 |     struct unary_function
      |            ^~~~~~~~~~~~~~
mv -f .deps/pglineedit.Tpo .deps/pglineedit.Plo
/bin/bash ../../../../../libtool  --tag=CXX   --mode=compile g++ -DHAVE_CONFIG_H -I. -I../../../../..  -I/usr/include/sigc++-2.0 -I/usr/lib/x86_64-linux-gnu/sigc++-2.0/include   -I/usr/include/SDL -D_GNU_SOURCE=1 -D_REENTRANT -I../../../../../source/libs/paragui/include -I/usr/lib/x86_64-linux-gnu/wx/include/gtk3-unicode-3.2 -I/usr/include/wx-3.2 -D_FILE_OFFSET_BITS=64 -DWXUSINGDLL -D__WXGTK__  -g -O2 -Wno-sign-compare -D_UNIX_ -D_SDL_ -I/usr/include/freetype2 -I/usr/include/libpng16   -DSIZE_T_not_identical_to_INT -DXVIDEXPORT -MT pglistboxbaseitem.lo -MD -MP -MF .deps/pglistboxbaseitem.Tpo -c -o pglistboxbaseitem.lo pglistboxbaseitem.cpp
libtool: compile:  g++ -DHAVE_CONFIG_H -I. -I../../../../.. -I/usr/include/sigc++-2.0 -I/usr/lib/x86_64-linux-gnu/sigc++-2.0/include -I/usr/include/SDL -D_GNU_SOURCE=1 -D_REENTRANT -I../../../../../source/libs/paragui/include -I/usr/lib/x86_64-linux-gnu/wx/include/gtk3-unicode-3.2 -I/usr/include/wx-3.2 -D_FILE_OFFSET_BITS=64 -DWXUSINGDLL -D__WXGTK__ -g -O2 -Wno-sign-compare -D_UNIX_ -D_SDL_ -I/usr/include/freetype2 -I/usr/include/libpng16 -DSIZE_T_not_identical_to_INT -DXVIDEXPORT -MT pglistboxbaseitem.lo -MD -MP -MF .deps/pglistboxbaseitem.Tpo -c pglistboxbaseitem.cpp -o pglistboxbaseitem.o
mv -f .deps/pglayout.Tpo .deps/pglayout.Plo
/bin/bash ../../../../../libtool  --tag=CXX   --mode=compile g++ -DHAVE_CONFIG_H -I. -I../../../../..  -I/usr/include/sigc++-2.0 -I/usr/lib/x86_64-linux-gnu/sigc++-2.0/include   -I/usr/include/SDL -D_GNU_SOURCE=1 -D_REENTRANT -I../../../../../source/libs/paragui/include -I/usr/lib/x86_64-linux-gnu/wx/include/gtk3-unicode-3.2 -I/usr/include/wx-3.2 -D_FILE_OFFSET_BITS=64 -DWXUSINGDLL -D__WXGTK__  -g -O2 -Wno-sign-compare -D_UNIX_ -D_SDL_ -I/usr/include/freetype2 -I/usr/include/libpng16   -DSIZE_T_not_identical_to_INT -DXVIDEXPORT -MT pglistbox.lo -MD -MP -MF .deps/pglistbox.Tpo -c -o pglistbox.lo pglistbox.cpp
libtool: compile:  g++ -DHAVE_CONFIG_H -I. -I../../../../.. -I/usr/include/sigc++-2.0 -I/usr/lib/x86_64-linux-gnu/sigc++-2.0/include -I/usr/include/SDL -D_GNU_SOURCE=1 -D_REENTRANT -I../../../../../source/libs/paragui/include -I/usr/lib/x86_64-linux-gnu/wx/include/gtk3-unicode-3.2 -I/usr/include/wx-3.2 -D_FILE_OFFSET_BITS=64 -DWXUSINGDLL -D__WXGTK__ -g -O2 -Wno-sign-compare -D_UNIX_ -D_SDL_ -I/usr/include/freetype2 -I/usr/include/libpng16 -DSIZE_T_not_identical_to_INT -DXVIDEXPORT -MT pglistbox.lo -MD -MP -MF .deps/pglistbox.Tpo -c pglistbox.cpp -o pglistbox.o
mv -f .deps/pglistboxbaseitem.Tpo .deps/pglistboxbaseitem.Plo
/bin/bash ../../../../../libtool  --tag=CXX   --mode=compile g++ -DHAVE_CONFIG_H -I. -I../../../../..  -I/usr/include/sigc++-2.0 -I/usr/lib/x86_64-linux-gnu/sigc++-2.0/include   -I/usr/include/SDL -D_GNU_SOURCE=1 -D_REENTRANT -I../../../../../source/libs/paragui/include -I/usr/lib/x86_64-linux-gnu/wx/include/gtk3-unicode-3.2 -I/usr/include/wx-3.2 -D_FILE_OFFSET_BITS=64 -DWXUSINGDLL -D__WXGTK__  -g -O2 -Wno-sign-compare -D_UNIX_ -D_SDL_ -I/usr/include/freetype2 -I/usr/include/libpng16   -DSIZE_T_not_identical_to_INT -DXVIDEXPORT -MT pglistboxitem.lo -MD -MP -MF .deps/pglistboxitem.Tpo -c -o pglistboxitem.lo pglistboxitem.cpp
libtool: compile:  g++ -DHAVE_CONFIG_H -I. -I../../../../.. -I/usr/include/sigc++-2.0 -I/usr/lib/x86_64-linux-gnu/sigc++-2.0/include -I/usr/include/SDL -D_GNU_SOURCE=1 -D_REENTRANT -I../../../../../source/libs/paragui/include -I/usr/lib/x86_64-linux-gnu/wx/include/gtk3-unicode-3.2 -I/usr/include/wx-3.2 -D_FILE_OFFSET_BITS=64 -DWXUSINGDLL -D__WXGTK__ -g -O2 -Wno-sign-compare -D_UNIX_ -D_SDL_ -I/usr/include/freetype2 -I/usr/include/libpng16 -DSIZE_T_not_identical_to_INT -DXVIDEXPORT -MT pglistboxitem.lo -MD -MP -MF .deps/pglistboxitem.Tpo -c pglistboxitem.cpp -o pglistboxitem.o
mv -f .deps/pglistbox.Tpo .deps/pglistbox.Plo
/bin/bash ../../../../../libtool  --tag=CXX   --mode=compile g++ -DHAVE_CONFIG_H -I. -I../../../../..  -I/usr/include/sigc++-2.0 -I/usr/lib/x86_64-linux-gnu/sigc++-2.0/include   -I/usr/include/SDL -D_GNU_SOURCE=1 -D_REENTRANT -I../../../../../source/libs/paragui/include -I/usr/lib/x86_64-linux-gnu/wx/include/gtk3-unicode-3.2 -I/usr/include/wx-3.2 -D_FILE_OFFSET_BITS=64 -DWXUSINGDLL -D__WXGTK__  -g -O2 -Wno-sign-compare -D_UNIX_ -D_SDL_ -I/usr/include/freetype2 -I/usr/include/libpng16   -DSIZE_T_not_identical_to_INT -DXVIDEXPORT -MT pgmaskedit.lo -MD -MP -MF .deps/pgmaskedit.Tpo -c -o pgmaskedit.lo pgmaskedit.cpp
libtool: compile:  g++ -DHAVE_CONFIG_H -I. -I../../../../.. -I/usr/include/sigc++-2.0 -I/usr/lib/x86_64-linux-gnu/sigc++-2.0/include -I/usr/include/SDL -D_GNU_SOURCE=1 -D_REENTRANT -I../../../../../source/libs/paragui/include -I/usr/lib/x86_64-linux-gnu/wx/include/gtk3-unicode-3.2 -I/usr/include/wx-3.2 -D_FILE_OFFSET_BITS=64 -DWXUSINGDLL -D__WXGTK__ -g -O2 -Wno-sign-compare -D_UNIX_ -D_SDL_ -I/usr/include/freetype2 -I/usr/include/libpng16 -DSIZE_T_not_identical_to_INT -DXVIDEXPORT -MT pgmaskedit.lo -MD -MP -MF .deps/pgmaskedit.Tpo -c pgmaskedit.cpp -o pgmaskedit.o
mv -f .deps/pglistboxitem.Tpo .deps/pglistboxitem.Plo
/bin/bash ../../../../../libtool  --tag=CXX   --mode=compile g++ -DHAVE_CONFIG_H -I. -I../../../../..  -I/usr/include/sigc++-2.0 -I/usr/lib/x86_64-linux-gnu/sigc++-2.0/include   -I/usr/include/SDL -D_GNU_SOURCE=1 -D_REENTRANT -I../../../../../source/libs/paragui/include -I/usr/lib/x86_64-linux-gnu/wx/include/gtk3-unicode-3.2 -I/usr/include/wx-3.2 -D_FILE_OFFSET_BITS=64 -DWXUSINGDLL -D__WXGTK__  -g -O2 -Wno-sign-compare -D_UNIX_ -D_SDL_ -I/usr/include/freetype2 -I/usr/include/libpng16   -DSIZE_T_not_identical_to_INT -DXVIDEXPORT -MT pgmessagebox.lo -MD -MP -MF .deps/pgmessagebox.Tpo -c -o pgmessagebox.lo pgmessagebox.cpp
libtool: compile:  g++ -DHAVE_CONFIG_H -I. -I../../../../.. -I/usr/include/sigc++-2.0 -I/usr/lib/x86_64-linux-gnu/sigc++-2.0/include -I/usr/include/SDL -D_GNU_SOURCE=1 -D_REENTRANT -I../../../../../source/libs/paragui/include -I/usr/lib/x86_64-linux-gnu/wx/include/gtk3-unicode-3.2 -I/usr/include/wx-3.2 -D_FILE_OFFSET_BITS=64 -DWXUSINGDLL -D__WXGTK__ -g -O2 -Wno-sign-compare -D_UNIX_ -D_SDL_ -I/usr/include/freetype2 -I/usr/include/libpng16 -DSIZE_T_not_identical_to_INT -DXVIDEXPORT -MT pgmessagebox.lo -MD -MP -MF .deps/pgmessagebox.Tpo -c pgmessagebox.cpp -o pgmessagebox.o
mv -f .deps/pgmaskedit.Tpo .deps/pgmaskedit.Plo
/bin/bash ../../../../../libtool  --tag=CXX   --mode=compile g++ -DHAVE_CONFIG_H -I. -I../../../../..  -I/usr/include/sigc++-2.0 -I/usr/lib/x86_64-linux-gnu/sigc++-2.0/include   -I/usr/include/SDL -D_GNU_SOURCE=1 -D_REENTRANT -I../../../../../source/libs/paragui/include -I/usr/lib/x86_64-linux-gnu/wx/include/gtk3-unicode-3.2 -I/usr/include/wx-3.2 -D_FILE_OFFSET_BITS=64 -DWXUSINGDLL -D__WXGTK__  -g -O2 -Wno-sign-compare -D_UNIX_ -D_SDL_ -I/usr/include/freetype2 -I/usr/include/libpng16   -DSIZE_T_not_identical_to_INT -DXVIDEXPORT -MT pgpopupmenu.lo -MD -MP -MF .deps/pgpopupmenu.Tpo -c -o pgpopupmenu.lo pgpopupmenu.cpp
libtool: compile:  g++ -DHAVE_CONFIG_H -I. -I../../../../.. -I/usr/include/sigc++-2.0 -I/usr/lib/x86_64-linux-gnu/sigc++-2.0/include -I/usr/include/SDL -D_GNU_SOURCE=1 -D_REENTRANT -I../../../../../source/libs/paragui/include -I/usr/lib/x86_64-linux-gnu/wx/include/gtk3-unicode-3.2 -I/usr/include/wx-3.2 -D_FILE_OFFSET_BITS=64 -DWXUSINGDLL -D__WXGTK__ -g -O2 -Wno-sign-compare -D_UNIX_ -D_SDL_ -I/usr/include/freetype2 -I/usr/include/libpng16 -DSIZE_T_not_identical_to_INT -DXVIDEXPORT -MT pgpopupmenu.lo -MD -MP -MF .deps/pgpopupmenu.Tpo -c pgpopupmenu.cpp -o pgpopupmenu.o
mv -f .deps/pgmessagebox.Tpo .deps/pgmessagebox.Plo
/bin/bash ../../../../../libtool  --tag=CXX   --mode=compile g++ -DHAVE_CONFIG_H -I. -I../../../../..  -I/usr/include/sigc++-2.0 -I/usr/lib/x86_64-linux-gnu/sigc++-2.0/include   -I/usr/include/SDL -D_GNU_SOURCE=1 -D_REENTRANT -I../../../../../source/libs/paragui/include -I/usr/lib/x86_64-linux-gnu/wx/include/gtk3-unicode-3.2 -I/usr/include/wx-3.2 -D_FILE_OFFSET_BITS=64 -DWXUSINGDLL -D__WXGTK__  -g -O2 -Wno-sign-compare -D_UNIX_ -D_SDL_ -I/usr/include/freetype2 -I/usr/include/libpng16   -DSIZE_T_not_identical_to_INT -DXVIDEXPORT -MT pgprogressbar.lo -MD -MP -MF .deps/pgprogressbar.Tpo -c -o pgprogressbar.lo pgprogressbar.cpp
libtool: compile:  g++ -DHAVE_CONFIG_H -I. -I../../../../.. -I/usr/include/sigc++-2.0 -I/usr/lib/x86_64-linux-gnu/sigc++-2.0/include -I/usr/include/SDL -D_GNU_SOURCE=1 -D_REENTRANT -I../../../../../source/libs/paragui/include -I/usr/lib/x86_64-linux-gnu/wx/include/gtk3-unicode-3.2 -I/usr/include/wx-3.2 -D_FILE_OFFSET_BITS=64 -DWXUSINGDLL -D__WXGTK__ -g -O2 -Wno-sign-compare -D_UNIX_ -D_SDL_ -I/usr/include/freetype2 -I/usr/include/libpng16 -DSIZE_T_not_identical_to_INT -DXVIDEXPORT -MT pgprogressbar.lo -MD -MP -MF .deps/pgprogressbar.Tpo -c pgprogressbar.cpp -o pgprogressbar.o
In file included from pgpopupmenu.cpp:31:
../../../../../source/libs/paragui/include/pgpopupmenu.h:175:34: warning: 'template<class _Arg, class _Result> struct std::unary_function' is deprecated [-Wdeprecated-declarations]
  175 | class item_with_id : public std::unary_function<MenuItem*, bool> {
      |                                  ^~~~~~~~~~~~~~
In file included from /usr/include/c++/13/functional:49,
                 from /usr/include/sigc++-2.0/sigc++/reference_wrapper.h:22,
                 from /usr/include/sigc++-2.0/sigc++/adaptors/bound_argument.h:24,
                 from /usr/include/sigc++-2.0/sigc++/adaptors/bind.h:6,
                 from /usr/include/sigc++-2.0/sigc++/adaptors/adaptors.h:23,
                 from /usr/include/sigc++-2.0/sigc++/sigc++.h:126,
                 from ../../../../../source/libs/paragui/include/pgapplication.h:39,
                 from pgpopupmenu.cpp:30:
/usr/include/c++/13/bits/stl_function.h:117:12: note: declared here
  117 |     struct unary_function
      |            ^~~~~~~~~~~~~~
mv -f .deps/pgprogressbar.Tpo .deps/pgprogressbar.Plo
/bin/bash ../../../../../libtool  --tag=CXX   --mode=compile g++ -DHAVE_CONFIG_H -I. -I../../../../..  -I/usr/include/sigc++-2.0 -I/usr/lib/x86_64-linux-gnu/sigc++-2.0/include   -I/usr/include/SDL -D_GNU_SOURCE=1 -D_REENTRANT -I../../../../../source/libs/paragui/include -I/usr/lib/x86_64-linux-gnu/wx/include/gtk3-unicode-3.2 -I/usr/include/wx-3.2 -D_FILE_OFFSET_BITS=64 -DWXUSINGDLL -D__WXGTK__  -g -O2 -Wno-sign-compare -D_UNIX_ -D_SDL_ -I/usr/include/freetype2 -I/usr/include/libpng16   -DSIZE_T_not_identical_to_INT -DXVIDEXPORT -MT pgradiobutton.lo -MD -MP -MF .deps/pgradiobutton.Tpo -c -o pgradiobutton.lo pgradiobutton.cpp
libtool: compile:  g++ -DHAVE_CONFIG_H -I. -I../../../../.. -I/usr/include/sigc++-2.0 -I/usr/lib/x86_64-linux-gnu/sigc++-2.0/include -I/usr/include/SDL -D_GNU_SOURCE=1 -D_REENTRANT -I../../../../../source/libs/paragui/include -I/usr/lib/x86_64-linux-gnu/wx/include/gtk3-unicode-3.2 -I/usr/include/wx-3.2 -D_FILE_OFFSET_BITS=64 -DWXUSINGDLL -D__WXGTK__ -g -O2 -Wno-sign-compare -D_UNIX_ -D_SDL_ -I/usr/include/freetype2 -I/usr/include/libpng16 -DSIZE_T_not_identical_to_INT -DXVIDEXPORT -MT pgradiobutton.lo -MD -MP -MF .deps/pgradiobutton.Tpo -c pgradiobutton.cpp -o pgradiobutton.o
mv -f .deps/pgpopupmenu.Tpo .deps/pgpopupmenu.Plo
/bin/bash ../../../../../libtool  --tag=CXX   --mode=compile g++ -DHAVE_CONFIG_H -I. -I../../../../..  -I/usr/include/sigc++-2.0 -I/usr/lib/x86_64-linux-gnu/sigc++-2.0/include   -I/usr/include/SDL -D_GNU_SOURCE=1 -D_REENTRANT -I../../../../../source/libs/paragui/include -I/usr/lib/x86_64-linux-gnu/wx/include/gtk3-unicode-3.2 -I/usr/include/wx-3.2 -D_FILE_OFFSET_BITS=64 -DWXUSINGDLL -D__WXGTK__  -g -O2 -Wno-sign-compare -D_UNIX_ -D_SDL_ -I/usr/include/freetype2 -I/usr/include/libpng16   -DSIZE_T_not_identical_to_INT -DXVIDEXPORT -MT pgscrollbar.lo -MD -MP -MF .deps/pgscrollbar.Tpo -c -o pgscrollbar.lo pgscrollbar.cpp
libtool: compile:  g++ -DHAVE_CONFIG_H -I. -I../../../../.. -I/usr/include/sigc++-2.0 -I/usr/lib/x86_64-linux-gnu/sigc++-2.0/include -I/usr/include/SDL -D_GNU_SOURCE=1 -D_REENTRANT -I../../../../../source/libs/paragui/include -I/usr/lib/x86_64-linux-gnu/wx/include/gtk3-unicode-3.2 -I/usr/include/wx-3.2 -D_FILE_OFFSET_BITS=64 -DWXUSINGDLL -D__WXGTK__ -g -O2 -Wno-sign-compare -D_UNIX_ -D_SDL_ -I/usr/include/freetype2 -I/usr/include/libpng16 -DSIZE_T_not_identical_to_INT -DXVIDEXPORT -MT pgscrollbar.lo -MD -MP -MF .deps/pgscrollbar.Tpo -c pgscrollbar.cpp -o pgscrollbar.o
mv -f .deps/pgradiobutton.Tpo .deps/pgradiobutton.Plo
/bin/bash ../../../../../libtool  --tag=CXX   --mode=compile g++ -DHAVE_CONFIG_H -I. -I../../../../..  -I/usr/include/sigc++-2.0 -I/usr/lib/x86_64-linux-gnu/sigc++-2.0/include   -I/usr/include/SDL -D_GNU_SOURCE=1 -D_REENTRANT -I../../../../../source/libs/paragui/include -I/usr/lib/x86_64-linux-gnu/wx/include/gtk3-unicode-3.2 -I/usr/include/wx-3.2 -D_FILE_OFFSET_BITS=64 -DWXUSINGDLL -D__WXGTK__  -g -O2 -Wno-sign-compare -D_UNIX_ -D_SDL_ -I/usr/include/freetype2 -I/usr/include/libpng16   -DSIZE_T_not_identical_to_INT -DXVIDEXPORT -MT pgslider.lo -MD -MP -MF .deps/pgslider.Tpo -c -o pgslider.lo pgslider.cpp
libtool: compile:  g++ -DHAVE_CONFIG_H -I. -I../../../../.. -I/usr/include/sigc++-2.0 -I/usr/lib/x86_64-linux-gnu/sigc++-2.0/include -I/usr/include/SDL -D_GNU_SOURCE=1 -D_REENTRANT -I../../../../../source/libs/paragui/include -I/usr/lib/x86_64-linux-gnu/wx/include/gtk3-unicode-3.2 -I/usr/include/wx-3.2 -D_FILE_OFFSET_BITS=64 -DWXUSINGDLL -D__WXGTK__ -g -O2 -Wno-sign-compare -D_UNIX_ -D_SDL_ -I/usr/include/freetype2 -I/usr/include/libpng16 -DSIZE_T_not_identical_to_INT -DXVIDEXPORT -MT pgslider.lo -MD -MP -MF .deps/pgslider.Tpo -c pgslider.cpp -o pgslider.o
mv -f .deps/pgscrollbar.Tpo .deps/pgscrollbar.Plo
/bin/bash ../../../../../libtool  --tag=CXX   --mode=compile g++ -DHAVE_CONFIG_H -I. -I../../../../..  -I/usr/include/sigc++-2.0 -I/usr/lib/x86_64-linux-gnu/sigc++-2.0/include   -I/usr/include/SDL -D_GNU_SOURCE=1 -D_REENTRANT -I../../../../../source/libs/paragui/include -I/usr/lib/x86_64-linux-gnu/wx/include/gtk3-unicode-3.2 -I/usr/include/wx-3.2 -D_FILE_OFFSET_BITS=64 -DWXUSINGDLL -D__WXGTK__  -g -O2 -Wno-sign-compare -D_UNIX_ -D_SDL_ -I/usr/include/freetype2 -I/usr/include/libpng16   -DSIZE_T_not_identical_to_INT -DXVIDEXPORT -MT pgspinnerbox.lo -MD -MP -MF .deps/pgspinnerbox.Tpo -c -o pgspinnerbox.lo pgspinnerbox.cpp
libtool: compile:  g++ -DHAVE_CONFIG_H -I. -I../../../../.. -I/usr/include/sigc++-2.0 -I/usr/lib/x86_64-linux-gnu/sigc++-2.0/include -I/usr/include/SDL -D_GNU_SOURCE=1 -D_REENTRANT -I../../../../../source/libs/paragui/include -I/usr/lib/x86_64-linux-gnu/wx/include/gtk3-unicode-3.2 -I/usr/include/wx-3.2 -D_FILE_OFFSET_BITS=64 -DWXUSINGDLL -D__WXGTK__ -g -O2 -Wno-sign-compare -D_UNIX_ -D_SDL_ -I/usr/include/freetype2 -I/usr/include/libpng16 -DSIZE_T_not_identical_to_INT -DXVIDEXPORT -MT pgspinnerbox.lo -MD -MP -MF .deps/pgspinnerbox.Tpo -c pgspinnerbox.cpp -o pgspinnerbox.o
mv -f .deps/pgslider.Tpo .deps/pgslider.Plo
/bin/bash ../../../../../libtool  --tag=CXX   --mode=compile g++ -DHAVE_CONFIG_H -I. -I../../../../..  -I/usr/include/sigc++-2.0 -I/usr/lib/x86_64-linux-gnu/sigc++-2.0/include   -I/usr/include/SDL -D_GNU_SOURCE=1 -D_REENTRANT -I../../../../../source/libs/paragui/include -I/usr/lib/x86_64-linux-gnu/wx/include/gtk3-unicode-3.2 -I/usr/include/wx-3.2 -D_FILE_OFFSET_BITS=64 -DWXUSINGDLL -D__WXGTK__  -g -O2 -Wno-sign-compare -D_UNIX_ -D_SDL_ -I/usr/include/freetype2 -I/usr/include/libpng16   -DSIZE_T_not_identical_to_INT -DXVIDEXPORT -MT pgthemewidget.lo -MD -MP -MF .deps/pgthemewidget.Tpo -c -o pgthemewidget.lo pgthemewidget.cpp
libtool: compile:  g++ -DHAVE_CONFIG_H -I. -I../../../../.. -I/usr/include/sigc++-2.0 -I/usr/lib/x86_64-linux-gnu/sigc++-2.0/include -I/usr/include/SDL -D_GNU_SOURCE=1 -D_REENTRANT -I../../../../../source/libs/paragui/include -I/usr/lib/x86_64-linux-gnu/wx/include/gtk3-unicode-3.2 -I/usr/include/wx-3.2 -D_FILE_OFFSET_BITS=64 -DWXUSINGDLL -D__WXGTK__ -g -O2 -Wno-sign-compare -D_UNIX_ -D_SDL_ -I/usr/include/freetype2 -I/usr/include/libpng16 -DSIZE_T_not_identical_to_INT -DXVIDEXPORT -MT pgthemewidget.lo -MD -MP -MF .deps/pgthemewidget.Tpo -c pgthemewidget.cpp -o pgthemewidget.o
mv -f .deps/pgthemewidget.Tpo .deps/pgthemewidget.Plo
/bin/bash ../../../../../libtool  --tag=CXX   --mode=compile g++ -DHAVE_CONFIG_H -I. -I../../../../..  -I/usr/include/sigc++-2.0 -I/usr/lib/x86_64-linux-gnu/sigc++-2.0/include   -I/usr/include/SDL -D_GNU_SOURCE=1 -D_REENTRANT -I../../../../../source/libs/paragui/include -I/usr/lib/x86_64-linux-gnu/wx/include/gtk3-unicode-3.2 -I/usr/include/wx-3.2 -D_FILE_OFFSET_BITS=64 -DWXUSINGDLL -D__WXGTK__  -g -O2 -Wno-sign-compare -D_UNIX_ -D_SDL_ -I/usr/include/freetype2 -I/usr/include/libpng16   -DSIZE_T_not_identical_to_INT -DXVIDEXPORT -MT pgwidget.lo -MD -MP -MF .deps/pgwidget.Tpo -c -o pgwidget.lo pgwidget.cpp
mv -f .deps/pgspinnerbox.Tpo .deps/pgspinnerbox.Plo
/bin/bash ../../../../../libtool  --tag=CXX   --mode=compile g++ -DHAVE_CONFIG_H -I. -I../../../../..  -I/usr/include/sigc++-2.0 -I/usr/lib/x86_64-linux-gnu/sigc++-2.0/include   -I/usr/include/SDL -D_GNU_SOURCE=1 -D_REENTRANT -I../../../../../source/libs/paragui/include -I/usr/lib/x86_64-linux-gnu/wx/include/gtk3-unicode-3.2 -I/usr/include/wx-3.2 -D_FILE_OFFSET_BITS=64 -DWXUSINGDLL -D__WXGTK__  -g -O2 -Wno-sign-compare -D_UNIX_ -D_SDL_ -I/usr/include/freetype2 -I/usr/include/libpng16   -DSIZE_T_not_identical_to_INT -DXVIDEXPORT -MT pgwidgetdnd.lo -MD -MP -MF .deps/pgwidgetdnd.Tpo -c -o pgwidgetdnd.lo pgwidgetdnd.cpp
libtool: compile:  g++ -DHAVE_CONFIG_H -I. -I../../../../.. -I/usr/include/sigc++-2.0 -I/usr/lib/x86_64-linux-gnu/sigc++-2.0/include -I/usr/include/SDL -D_GNU_SOURCE=1 -D_REENTRANT -I../../../../../source/libs/paragui/include -I/usr/lib/x86_64-linux-gnu/wx/include/gtk3-unicode-3.2 -I/usr/include/wx-3.2 -D_FILE_OFFSET_BITS=64 -DWXUSINGDLL -D__WXGTK__ -g -O2 -Wno-sign-compare -D_UNIX_ -D_SDL_ -I/usr/include/freetype2 -I/usr/include/libpng16 -DSIZE_T_not_identical_to_INT -DXVIDEXPORT -MT pgwidget.lo -MD -MP -MF .deps/pgwidget.Tpo -c pgwidget.cpp -o pgwidget.o
libtool: compile:  g++ -DHAVE_CONFIG_H -I. -I../../../../.. -I/usr/include/sigc++-2.0 -I/usr/lib/x86_64-linux-gnu/sigc++-2.0/include -I/usr/include/SDL -D_GNU_SOURCE=1 -D_REENTRANT -I../../../../../source/libs/paragui/include -I/usr/lib/x86_64-linux-gnu/wx/include/gtk3-unicode-3.2 -I/usr/include/wx-3.2 -D_FILE_OFFSET_BITS=64 -DWXUSINGDLL -D__WXGTK__ -g -O2 -Wno-sign-compare -D_UNIX_ -D_SDL_ -I/usr/include/freetype2 -I/usr/include/libpng16 -DSIZE_T_not_identical_to_INT -DXVIDEXPORT -MT pgwidgetdnd.lo -MD -MP -MF .deps/pgwidgetdnd.Tpo -c pgwidgetdnd.cpp -o pgwidgetdnd.o
mv -f .deps/pgwidgetdnd.Tpo .deps/pgwidgetdnd.Plo
/bin/bash ../../../../../libtool  --tag=CXX   --mode=compile g++ -DHAVE_CONFIG_H -I. -I../../../../..  -I/usr/include/sigc++-2.0 -I/usr/lib/x86_64-linux-gnu/sigc++-2.0/include   -I/usr/include/SDL -D_GNU_SOURCE=1 -D_REENTRANT -I../../../../../source/libs/paragui/include -I/usr/lib/x86_64-linux-gnu/wx/include/gtk3-unicode-3.2 -I/usr/include/wx-3.2 -D_FILE_OFFSET_BITS=64 -DWXUSINGDLL -D__WXGTK__  -g -O2 -Wno-sign-compare -D_UNIX_ -D_SDL_ -I/usr/include/freetype2 -I/usr/include/libpng16   -DSIZE_T_not_identical_to_INT -DXVIDEXPORT -MT pgwidgetlist.lo -MD -MP -MF .deps/pgwidgetlist.Tpo -c -o pgwidgetlist.lo pgwidgetlist.cpp
pgwidget.cpp: In constructor 'PG_Widget::PG_Widget(PG_Widget*, const PG_Rect&, bool)':
pgwidget.cpp:117:32: warning: '%d' directive writing between 1 and 11 bytes into a region of size 9 [-Wformat-overflow=]
  117 |         sprintf(buffer, "Object%d", ++my_ObjectCounter);
      |                                ^~
pgwidget.cpp:117:25: note: directive argument in the range [-2147483647, 2147483647]
  117 |         sprintf(buffer, "Object%d", ++my_ObjectCounter);
      |                         ^~~~~~~~~~
In file included from /usr/include/stdio.h:980,
                 from /usr/include/SDL/SDL_stdinc.h:33,
                 from /usr/include/SDL/SDL_main.h:29,
                 from /usr/include/SDL/SDL.h:29,
                 from ../../../../../source/libs/paragui/include/paragui.h:46,
                 from ../../../../../source/libs/paragui/include/pgmessageobject.h:36,
                 from ../../../../../source/libs/paragui/include/pgwidget.h:36,
                 from pgwidget.cpp:32:
In function 'int sprintf(char*, const char*, ...)',
    inlined from 'PG_Widget::PG_Widget(PG_Widget*, const PG_Rect&, bool)' at pgwidget.cpp:117:9:
/usr/include/x86_64-linux-gnu/bits/stdio2.h:30:34: note: '__builtin___sprintf_chk' output between 8 and 18 bytes into a destination of size 15
   30 |   return __builtin___sprintf_chk (__s, __USE_FORTIFY_LEVEL - 1,
      |          ~~~~~~~~~~~~~~~~~~~~~~~~^~~~~~~~~~~~~~~~~~~~~~~~~~~~~~
   31 |                                   __glibc_objsize (__s), __fmt,
      |                                   ~~~~~~~~~~~~~~~~~~~~~~~~~~~~~
   32 |                                   __va_arg_pack ());
      |                                   ~~~~~~~~~~~~~~~~~
pgwidget.cpp: In constructor 'PG_Widget::PG_Widget(PG_Widget*, const PG_Rect&, bool)':
pgwidget.cpp:117:32: warning: '%d' directive writing between 1 and 11 bytes into a region of size 9 [-Wformat-overflow=]
  117 |         sprintf(buffer, "Object%d", ++my_ObjectCounter);
      |                                ^~
pgwidget.cpp:117:25: note: directive argument in the range [-2147483647, 2147483647]
  117 |         sprintf(buffer, "Object%d", ++my_ObjectCounter);
      |                         ^~~~~~~~~~
In function 'int sprintf(char*, const char*, ...)',
    inlined from 'PG_Widget::PG_Widget(PG_Widget*, const PG_Rect&, bool)' at pgwidget.cpp:117:9:
/usr/include/x86_64-linux-gnu/bits/stdio2.h:30:34: note: '__builtin___sprintf_chk' output between 8 and 18 bytes into a destination of size 15
   30 |   return __builtin___sprintf_chk (__s, __USE_FORTIFY_LEVEL - 1,
      |          ~~~~~~~~~~~~~~~~~~~~~~~~^~~~~~~~~~~~~~~~~~~~~~~~~~~~~~
   31 |                                   __glibc_objsize (__s), __fmt,
      |                                   ~~~~~~~~~~~~~~~~~~~~~~~~~~~~~
   32 |                                   __va_arg_pack ());
      |                                   ~~~~~~~~~~~~~~~~~
libtool: compile:  g++ -DHAVE_CONFIG_H -I. -I../../../../.. -I/usr/include/sigc++-2.0 -I/usr/lib/x86_64-linux-gnu/sigc++-2.0/include -I/usr/include/SDL -D_GNU_SOURCE=1 -D_REENTRANT -I../../../../../source/libs/paragui/include -I/usr/lib/x86_64-linux-gnu/wx/include/gtk3-unicode-3.2 -I/usr/include/wx-3.2 -D_FILE_OFFSET_BITS=64 -DWXUSINGDLL -D__WXGTK__ -g -O2 -Wno-sign-compare -D_UNIX_ -D_SDL_ -I/usr/include/freetype2 -I/usr/include/libpng16 -DSIZE_T_not_identical_to_INT -DXVIDEXPORT -MT pgwidgetlist.lo -MD -MP -MF .deps/pgwidgetlist.Tpo -c pgwidgetlist.cpp -o pgwidgetlist.o
mv -f .deps/pgwidgetlist.Tpo .deps/pgwidgetlist.Plo
/bin/bash ../../../../../libtool  --tag=CXX   --mode=compile g++ -DHAVE_CONFIG_H -I. -I../../../../..  -I/usr/include/sigc++-2.0 -I/usr/lib/x86_64-linux-gnu/sigc++-2.0/include   -I/usr/include/SDL -D_GNU_SOURCE=1 -D_REENTRANT -I../../../../../source/libs/paragui/include -I/usr/lib/x86_64-linux-gnu/wx/include/gtk3-unicode-3.2 -I/usr/include/wx-3.2 -D_FILE_OFFSET_BITS=64 -DWXUSINGDLL -D__WXGTK__  -g -O2 -Wno-sign-compare -D_UNIX_ -D_SDL_ -I/usr/include/freetype2 -I/usr/include/libpng16   -DSIZE_T_not_identical_to_INT -DXVIDEXPORT -MT pgscrollwidget.lo -MD -MP -MF .deps/pgscrollwidget.Tpo -c -o pgscrollwidget.lo pgscrollwidget.cpp
libtool: compile:  g++ -DHAVE_CONFIG_H -I. -I../../../../.. -I/usr/include/sigc++-2.0 -I/usr/lib/x86_64-linux-gnu/sigc++-2.0/include -I/usr/include/SDL -D_GNU_SOURCE=1 -D_REENTRANT -I../../../../../source/libs/paragui/include -I/usr/lib/x86_64-linux-gnu/wx/include/gtk3-unicode-3.2 -I/usr/include/wx-3.2 -D_FILE_OFFSET_BITS=64 -DWXUSINGDLL -D__WXGTK__ -g -O2 -Wno-sign-compare -D_UNIX_ -D_SDL_ -I/usr/include/freetype2 -I/usr/include/libpng16 -DSIZE_T_not_identical_to_INT -DXVIDEXPORT -MT pgscrollwidget.lo -MD -MP -MF .deps/pgscrollwidget.Tpo -c pgscrollwidget.cpp -o pgscrollwidget.o
mv -f .deps/pgwidget.Tpo .deps/pgwidget.Plo
/bin/bash ../../../../../libtool  --tag=CXX   --mode=compile g++ -DHAVE_CONFIG_H -I. -I../../../../..  -I/usr/include/sigc++-2.0 -I/usr/lib/x86_64-linux-gnu/sigc++-2.0/include   -I/usr/include/SDL -D_GNU_SOURCE=1 -D_REENTRANT -I../../../../../source/libs/paragui/include -I/usr/lib/x86_64-linux-gnu/wx/include/gtk3-unicode-3.2 -I/usr/include/wx-3.2 -D_FILE_OFFSET_BITS=64 -DWXUSINGDLL -D__WXGTK__  -g -O2 -Wno-sign-compare -D_UNIX_ -D_SDL_ -I/usr/include/freetype2 -I/usr/include/libpng16   -DSIZE_T_not_identical_to_INT -DXVIDEXPORT -MT pgwindow.lo -MD -MP -MF .deps/pgwindow.Tpo -c -o pgwindow.lo pgwindow.cpp
libtool: compile:  g++ -DHAVE_CONFIG_H -I. -I../../../../.. -I/usr/include/sigc++-2.0 -I/usr/lib/x86_64-linux-gnu/sigc++-2.0/include -I/usr/include/SDL -D_GNU_SOURCE=1 -D_REENTRANT -I../../../../../source/libs/paragui/include -I/usr/lib/x86_64-linux-gnu/wx/include/gtk3-unicode-3.2 -I/usr/include/wx-3.2 -D_FILE_OFFSET_BITS=64 -DWXUSINGDLL -D__WXGTK__ -g -O2 -Wno-sign-compare -D_UNIX_ -D_SDL_ -I/usr/include/freetype2 -I/usr/include/libpng16 -DSIZE_T_not_identical_to_INT -DXVIDEXPORT -MT pgwindow.lo -MD -MP -MF .deps/pgwindow.Tpo -c pgwindow.cpp -o pgwindow.o
mv -f .deps/pgscrollwidget.Tpo .deps/pgscrollwidget.Plo
/bin/bash ../../../../../libtool  --tag=CXX   --mode=compile g++ -DHAVE_CONFIG_H -I. -I../../../../..  -I/usr/include/sigc++-2.0 -I/usr/lib/x86_64-linux-gnu/sigc++-2.0/include   -I/usr/include/SDL -D_GNU_SOURCE=1 -D_REENTRANT -I../../../../../source/libs/paragui/include -I/usr/lib/x86_64-linux-gnu/wx/include/gtk3-unicode-3.2 -I/usr/include/wx-3.2 -D_FILE_OFFSET_BITS=64 -DWXUSINGDLL -D__WXGTK__  -g -O2 -Wno-sign-compare -D_UNIX_ -D_SDL_ -I/usr/include/freetype2 -I/usr/include/libpng16   -DSIZE_T_not_identical_to_INT -DXVIDEXPORT -MT pgrichedit.lo -MD -MP -MF .deps/pgrichedit.Tpo -c -o pgrichedit.lo pgrichedit.cpp
libtool: compile:  g++ -DHAVE_CONFIG_H -I. -I../../../../.. -I/usr/include/sigc++-2.0 -I/usr/lib/x86_64-linux-gnu/sigc++-2.0/include -I/usr/include/SDL -D_GNU_SOURCE=1 -D_REENTRANT -I../../../../../source/libs/paragui/include -I/usr/lib/x86_64-linux-gnu/wx/include/gtk3-unicode-3.2 -I/usr/include/wx-3.2 -D_FILE_OFFSET_BITS=64 -DWXUSINGDLL -D__WXGTK__ -g -O2 -Wno-sign-compare -D_UNIX_ -D_SDL_ -I/usr/include/freetype2 -I/usr/include/libpng16 -DSIZE_T_not_identical_to_INT -DXVIDEXPORT -MT pgrichedit.lo -MD -MP -MF .deps/pgrichedit.Tpo -c pgrichedit.cpp -o pgrichedit.o
mv -f .deps/pgwindow.Tpo .deps/pgwindow.Plo
/bin/bash ../../../../../libtool  --tag=CXX   --mode=compile g++ -DHAVE_CONFIG_H -I. -I../../../../..  -I/usr/include/sigc++-2.0 -I/usr/lib/x86_64-linux-gnu/sigc++-2.0/include   -I/usr/include/SDL -D_GNU_SOURCE=1 -D_REENTRANT -I../../../../../source/libs/paragui/include -I/usr/lib/x86_64-linux-gnu/wx/include/gtk3-unicode-3.2 -I/usr/include/wx-3.2 -D_FILE_OFFSET_BITS=64 -DWXUSINGDLL -D__WXGTK__  -g -O2 -Wno-sign-compare -D_UNIX_ -D_SDL_ -I/usr/include/freetype2 -I/usr/include/libpng16   -DSIZE_T_not_identical_to_INT -DXVIDEXPORT -MT pgscrollarea.lo -MD -MP -MF .deps/pgscrollarea.Tpo -c -o pgscrollarea.lo pgscrollarea.cpp
libtool: compile:  g++ -DHAVE_CONFIG_H -I. -I../../../../.. -I/usr/include/sigc++-2.0 -I/usr/lib/x86_64-linux-gnu/sigc++-2.0/include -I/usr/include/SDL -D_GNU_SOURCE=1 -D_REENTRANT -I../../../../../source/libs/paragui/include -I/usr/lib/x86_64-linux-gnu/wx/include/gtk3-unicode-3.2 -I/usr/include/wx-3.2 -D_FILE_OFFSET_BITS=64 -DWXUSINGDLL -D__WXGTK__ -g -O2 -Wno-sign-compare -D_UNIX_ -D_SDL_ -I/usr/include/freetype2 -I/usr/include/libpng16 -DSIZE_T_not_identical_to_INT -DXVIDEXPORT -MT pgscrollarea.lo -MD -MP -MF .deps/pgscrollarea.Tpo -c pgscrollarea.cpp -o pgscrollarea.o
mv -f .deps/pgscrollarea.Tpo .deps/pgscrollarea.Plo
/bin/bash ../../../../../libtool  --tag=CXX   --mode=compile g++ -DHAVE_CONFIG_H -I. -I../../../../..  -I/usr/include/sigc++-2.0 -I/usr/lib/x86_64-linux-gnu/sigc++-2.0/include   -I/usr/include/SDL -D_GNU_SOURCE=1 -D_REENTRANT -I../../../../../source/libs/paragui/include -I/usr/lib/x86_64-linux-gnu/wx/include/gtk3-unicode-3.2 -I/usr/include/wx-3.2 -D_FILE_OFFSET_BITS=64 -DWXUSINGDLL -D__WXGTK__  -g -O2 -Wno-sign-compare -D_UNIX_ -D_SDL_ -I/usr/include/freetype2 -I/usr/include/libpng16   -DSIZE_T_not_identical_to_INT -DXVIDEXPORT -MT pgmenubar.lo -MD -MP -MF .deps/pgmenubar.Tpo -c -o pgmenubar.lo pgmenubar.cpp
libtool: compile:  g++ -DHAVE_CONFIG_H -I. -I../../../../.. -I/usr/include/sigc++-2.0 -I/usr/lib/x86_64-linux-gnu/sigc++-2.0/include -I/usr/include/SDL -D_GNU_SOURCE=1 -D_REENTRANT -I../../../../../source/libs/paragui/include -I/usr/lib/x86_64-linux-gnu/wx/include/gtk3-unicode-3.2 -I/usr/include/wx-3.2 -D_FILE_OFFSET_BITS=64 -DWXUSINGDLL -D__WXGTK__ -g -O2 -Wno-sign-compare -D_UNIX_ -D_SDL_ -I/usr/include/freetype2 -I/usr/include/libpng16 -DSIZE_T_not_identical_to_INT -DXVIDEXPORT -MT pgmenubar.lo -MD -MP -MF .deps/pgmenubar.Tpo -c pgmenubar.cpp -o pgmenubar.o
In file included from ../../../../../source/libs/paragui/include/pgmenubar.h:37,
                 from pgmenubar.cpp:1:
../../../../../source/libs/paragui/include/pgpopupmenu.h:175:34: warning: 'template<class _Arg, class _Result> struct std::unary_function' is deprecated [-Wdeprecated-declarations]
  175 | class item_with_id : public std::unary_function<MenuItem*, bool> {
      |                                  ^~~~~~~~~~~~~~
In file included from /usr/include/c++/13/string:49,
                 from ../../../../../source/libs/paragui/include/paragui.h:172,
                 from ../../../../../source/libs/paragui/include/pgmessageobject.h:36,
                 from ../../../../../source/libs/paragui/include/pgwidget.h:36,
                 from ../../../../../source/libs/paragui/include/pgthemewidget.h:36,
                 from ../../../../../source/libs/paragui/include/pgmenubar.h:36:
/usr/include/c++/13/bits/stl_function.h:117:12: note: declared here
  117 |     struct unary_function
      |            ^~~~~~~~~~~~~~
mv -f .deps/pgrichedit.Tpo .deps/pgrichedit.Plo
/bin/bash ../../../../../libtool  --tag=CXX   --mode=compile g++ -DHAVE_CONFIG_H -I. -I../../../../..  -I/usr/include/sigc++-2.0 -I/usr/lib/x86_64-linux-gnu/sigc++-2.0/include   -I/usr/include/SDL -D_GNU_SOURCE=1 -D_REENTRANT -I../../../../../source/libs/paragui/include -I/usr/lib/x86_64-linux-gnu/wx/include/gtk3-unicode-3.2 -I/usr/include/wx-3.2 -D_FILE_OFFSET_BITS=64 -DWXUSINGDLL -D__WXGTK__  -g -O2 -Wno-sign-compare -D_UNIX_ -D_SDL_ -I/usr/include/freetype2 -I/usr/include/libpng16   -DSIZE_T_not_identical_to_INT -DXVIDEXPORT -MT pgmultilineedit.lo -MD -MP -MF .deps/pgmultilineedit.Tpo -c -o pgmultilineedit.lo pgmultilineedit.cpp
mv -f .deps/pgmenubar.Tpo .deps/pgmenubar.Plo
libtool: compile:  g++ -DHAVE_CONFIG_H -I. -I../../../../.. -I/usr/include/sigc++-2.0 -I/usr/lib/x86_64-linux-gnu/sigc++-2.0/include -I/usr/include/SDL -D_GNU_SOURCE=1 -D_REENTRANT -I../../../../../source/libs/paragui/include -I/usr/lib/x86_64-linux-gnu/wx/include/gtk3-unicode-3.2 -I/usr/include/wx-3.2 -D_FILE_OFFSET_BITS=64 -DWXUSINGDLL -D__WXGTK__ -g -O2 -Wno-sign-compare -D_UNIX_ -D_SDL_ -I/usr/include/freetype2 -I/usr/include/libpng16 -DSIZE_T_not_identical_to_INT -DXVIDEXPORT -MT pgmultilineedit.lo -MD -MP -MF .deps/pgmultilineedit.Tpo -c pgmultilineedit.cpp -o pgmultilineedit.o
/bin/bash ../../../../../libtool  --tag=CXX   --mode=compile g++ -DHAVE_CONFIG_H -I. -I../../../../..  -I/usr/include/sigc++-2.0 -I/usr/lib/x86_64-linux-gnu/sigc++-2.0/include   -I/usr/include/SDL -D_GNU_SOURCE=1 -D_REENTRANT -I../../../../../source/libs/paragui/include -I/usr/lib/x86_64-linux-gnu/wx/include/gtk3-unicode-3.2 -I/usr/include/wx-3.2 -D_FILE_OFFSET_BITS=64 -DWXUSINGDLL -D__WXGTK__  -g -O2 -Wno-sign-compare -D_UNIX_ -D_SDL_ -I/usr/include/freetype2 -I/usr/include/libpng16   -DSIZE_T_not_identical_to_INT -DXVIDEXPORT -MT propstrings_priv.lo -MD -MP -MF .deps/propstrings_priv.Tpo -c -o propstrings_priv.lo propstrings_priv.cpp
libtool: compile:  g++ -DHAVE_CONFIG_H -I. -I../../../../.. -I/usr/include/sigc++-2.0 -I/usr/lib/x86_64-linux-gnu/sigc++-2.0/include -I/usr/include/SDL -D_GNU_SOURCE=1 -D_REENTRANT -I../../../../../source/libs/paragui/include -I/usr/lib/x86_64-linux-gnu/wx/include/gtk3-unicode-3.2 -I/usr/include/wx-3.2 -D_FILE_OFFSET_BITS=64 -DWXUSINGDLL -D__WXGTK__ -g -O2 -Wno-sign-compare -D_UNIX_ -D_SDL_ -I/usr/include/freetype2 -I/usr/include/libpng16 -DSIZE_T_not_identical_to_INT -DXVIDEXPORT -MT propstrings_priv.lo -MD -MP -MF .deps/propstrings_priv.Tpo -c propstrings_priv.cpp -o propstrings_priv.o
mv -f .deps/propstrings_priv.Tpo .deps/propstrings_priv.Plo
/bin/bash ../../../../../libtool  --tag=CXX   --mode=compile g++ -DHAVE_CONFIG_H -I. -I../../../../..  -I/usr/include/sigc++-2.0 -I/usr/lib/x86_64-linux-gnu/sigc++-2.0/include   -I/usr/include/SDL -D_GNU_SOURCE=1 -D_REENTRANT -I../../../../../source/libs/paragui/include -I/usr/lib/x86_64-linux-gnu/wx/include/gtk3-unicode-3.2 -I/usr/include/wx-3.2 -D_FILE_OFFSET_BITS=64 -DWXUSINGDLL -D__WXGTK__  -g -O2 -Wno-sign-compare -D_UNIX_ -D_SDL_ -I/usr/include/freetype2 -I/usr/include/libpng16   -DSIZE_T_not_identical_to_INT -DXVIDEXPORT -MT pgtooltiphelp.lo -MD -MP -MF .deps/pgtooltiphelp.Tpo -c -o pgtooltiphelp.lo pgtooltiphelp.cpp
libtool: compile:  g++ -DHAVE_CONFIG_H -I. -I../../../../.. -I/usr/include/sigc++-2.0 -I/usr/lib/x86_64-linux-gnu/sigc++-2.0/include -I/usr/include/SDL -D_GNU_SOURCE=1 -D_REENTRANT -I../../../../../source/libs/paragui/include -I/usr/lib/x86_64-linux-gnu/wx/include/gtk3-unicode-3.2 -I/usr/include/wx-3.2 -D_FILE_OFFSET_BITS=64 -DWXUSINGDLL -D__WXGTK__ -g -O2 -Wno-sign-compare -D_UNIX_ -D_SDL_ -I/usr/include/freetype2 -I/usr/include/libpng16 -DSIZE_T_not_identical_to_INT -DXVIDEXPORT -MT pgtooltiphelp.lo -MD -MP -MF .deps/pgtooltiphelp.Tpo -c pgtooltiphelp.cpp -o pgtooltiphelp.o
mv -f .deps/pgmultilineedit.Tpo .deps/pgmultilineedit.Plo
/bin/bash ../../../../../libtool  --tag=CXX   --mode=compile g++ -DHAVE_CONFIG_H -I. -I../../../../..  -I/usr/include/sigc++-2.0 -I/usr/lib/x86_64-linux-gnu/sigc++-2.0/include   -I/usr/include/SDL -D_GNU_SOURCE=1 -D_REENTRANT -I../../../../../source/libs/paragui/include -I/usr/lib/x86_64-linux-gnu/wx/include/gtk3-unicode-3.2 -I/usr/include/wx-3.2 -D_FILE_OFFSET_BITS=64 -DWXUSINGDLL -D__WXGTK__  -g -O2 -Wno-sign-compare -D_UNIX_ -D_SDL_ -I/usr/include/freetype2 -I/usr/include/libpng16   -DSIZE_T_not_identical_to_INT -DXVIDEXPORT -MT pgpropertyeditor.lo -MD -MP -MF .deps/pgpropertyeditor.Tpo -c -o pgpropertyeditor.lo pgpropertyeditor.cpp
libtool: compile:  g++ -DHAVE_CONFIG_H -I. -I../../../../.. -I/usr/include/sigc++-2.0 -I/usr/lib/x86_64-linux-gnu/sigc++-2.0/include -I/usr/include/SDL -D_GNU_SOURCE=1 -D_REENTRANT -I../../../../../source/libs/paragui/include -I/usr/lib/x86_64-linux-gnu/wx/include/gtk3-unicode-3.2 -I/usr/include/wx-3.2 -D_FILE_OFFSET_BITS=64 -DWXUSINGDLL -D__WXGTK__ -g -O2 -Wno-sign-compare -D_UNIX_ -D_SDL_ -I/usr/include/freetype2 -I/usr/include/libpng16 -DSIZE_T_not_identical_to_INT -DXVIDEXPORT -MT pgpropertyeditor.lo -MD -MP -MF .deps/pgpropertyeditor.Tpo -c pgpropertyeditor.cpp -o pgpropertyeditor.o
mv -f .deps/pgtooltiphelp.Tpo .deps/pgtooltiphelp.Plo
/bin/bash ../../../../../libtool  --tag=CXX   --mode=compile g++ -DHAVE_CONFIG_H -I. -I../../../../..  -I/usr/include/sigc++-2.0 -I/usr/lib/x86_64-linux-gnu/sigc++-2.0/include   -I/usr/include/SDL -D_GNU_SOURCE=1 -D_REENTRANT -I../../../../../source/libs/paragui/include -I/usr/lib/x86_64-linux-gnu/wx/include/gtk3-unicode-3.2 -I/usr/include/wx-3.2 -D_FILE_OFFSET_BITS=64 -DWXUSINGDLL -D__WXGTK__  -g -O2 -Wno-sign-compare -D_UNIX_ -D_SDL_ -I/usr/include/freetype2 -I/usr/include/libpng16   -DSIZE_T_not_identical_to_INT -DXVIDEXPORT -MT pgcolorselector.lo -MD -MP -MF .deps/pgcolorselector.Tpo -c -o pgcolorselector.lo pgcolorselector.cpp
libtool: compile:  g++ -DHAVE_CONFIG_H -I. -I../../../../.. -I/usr/include/sigc++-2.0 -I/usr/lib/x86_64-linux-gnu/sigc++-2.0/include -I/usr/include/SDL -D_GNU_SOURCE=1 -D_REENTRANT -I../../../../../source/libs/paragui/include -I/usr/lib/x86_64-linux-gnu/wx/include/gtk3-unicode-3.2 -I/usr/include/wx-3.2 -D_FILE_OFFSET_BITS=64 -DWXUSINGDLL -D__WXGTK__ -g -O2 -Wno-sign-compare -D_UNIX_ -D_SDL_ -I/usr/include/freetype2 -I/usr/include/libpng16 -DSIZE_T_not_identical_to_INT -DXVIDEXPORT -MT pgcolorselector.lo -MD -MP -MF .deps/pgcolorselector.Tpo -c pgcolorselector.cpp -o pgcolorselector.o
mv -f .deps/pgpropertyeditor.Tpo .deps/pgpropertyeditor.Plo
mv -f .deps/pgcolorselector.Tpo .deps/pgcolorselector.Plo
/bin/bash ../../../../../libtool  --tag=CXX   --mode=link g++  -g -O2 -Wno-sign-compare -D_UNIX_ -D_SDL_ -I/usr/include/freetype2 -I/usr/include/libpng16   -DSIZE_T_not_identical_to_INT -DXVIDEXPORT   -o libpgwidgets.la  pgbutton.lo pgcheckbutton.lo pgcolumnitem.lo pgdropdown.lo pgimage.lo pglabel.lo pglayout.lo pglineedit.lo pglistboxbaseitem.lo pglistbox.lo pglistboxitem.lo pgmaskedit.lo pgmessagebox.lo pgpopupmenu.lo pgprogressbar.lo pgradiobutton.lo pgscrollbar.lo pgslider.lo pgspinnerbox.lo pgthemewidget.lo pgwidget.lo pgwidgetdnd.lo pgwidgetlist.lo pgscrollwidget.lo pgwindow.lo pgrichedit.lo pgscrollarea.lo pgmenubar.lo pgmultilineedit.lo propstrings_priv.lo pgtooltiphelp.lo pgpropertyeditor.lo pgcolorselector.lo -lsigc-2.0  -lpng -lbz2  
libtool: link: ar cr .libs/libpgwidgets.a  pgbutton.o pgcheckbutton.o pgcolumnitem.o pgdropdown.o pgimage.o pglabel.o pglayout.o pglineedit.o pglistboxbaseitem.o pglistbox.o pglistboxitem.o pgmaskedit.o pgmessagebox.o pgpopupmenu.o pgprogressbar.o pgradiobutton.o pgscrollbar.o pgslider.o pgspinnerbox.o pgthemewidget.o pgwidget.o pgwidgetdnd.o pgwidgetlist.o pgscrollwidget.o pgwindow.o pgrichedit.o pgscrollarea.o pgmenubar.o pgmultilineedit.o propstrings_priv.o pgtooltiphelp.o pgpropertyeditor.o pgcolorselector.o
libtool: link: ranlib .libs/libpgwidgets.a
libtool: link: ( cd ".libs" && rm -f "libpgwidgets.la" && ln -s "../libpgwidgets.la" "libpgwidgets.la" )
make[6]: Leaving directory '/home/vboxuser/projects/asc-hq-codex/source/libs/paragui/src/widgets'
Making all in ystring
make[6]: Entering directory '/home/vboxuser/projects/asc-hq-codex/source/libs/paragui/src/ystring'
/bin/bash ../../../../../libtool  --tag=CXX   --mode=compile g++ -DHAVE_CONFIG_H -I. -I../../../../..  -I/usr/include/SDL -D_GNU_SOURCE=1 -D_REENTRANT -I../../../../../source/libs/paragui/include -I/usr/lib/x86_64-linux-gnu/wx/include/gtk3-unicode-3.2 -I/usr/include/wx-3.2 -D_FILE_OFFSET_BITS=64 -DWXUSINGDLL -D__WXGTK__  -g -O2 -Wno-sign-compare -D_UNIX_ -D_SDL_ -I/usr/include/freetype2 -I/usr/include/libpng16   -DSIZE_T_not_identical_to_INT -DXVIDEXPORT -MT ychar.lo -MD -MP -MF .deps/ychar.Tpo -c -o ychar.lo ychar.cpp
/bin/bash ../../../../../libtool  --tag=CXX   --mode=compile g++ -DHAVE_CONFIG_H -I. -I../../../../..  -I/usr/include/SDL -D_GNU_SOURCE=1 -D_REENTRANT -I../../../../../source/libs/paragui/include -I/usr/lib/x86_64-linux-gnu/wx/include/gtk3-unicode-3.2 -I/usr/include/wx-3.2 -D_FILE_OFFSET_BITS=64 -DWXUSINGDLL -D__WXGTK__  -g -O2 -Wno-sign-compare -D_UNIX_ -D_SDL_ -I/usr/include/freetype2 -I/usr/include/libpng16   -DSIZE_T_not_identical_to_INT -DXVIDEXPORT -MT ystring.lo -MD -MP -MF .deps/ystring.Tpo -c -o ystring.lo ystring.cpp
libtool: compile:  g++ -DHAVE_CONFIG_H -I. -I../../../../.. -I/usr/include/SDL -D_GNU_SOURCE=1 -D_REENTRANT -I../../../../../source/libs/paragui/include -I/usr/lib/x86_64-linux-gnu/wx/include/gtk3-unicode-3.2 -I/usr/include/wx-3.2 -D_FILE_OFFSET_BITS=64 -DWXUSINGDLL -D__WXGTK__ -g -O2 -Wno-sign-compare -D_UNIX_ -D_SDL_ -I/usr/include/freetype2 -I/usr/include/libpng16 -DSIZE_T_not_identical_to_INT -DXVIDEXPORT -MT ychar.lo -MD -MP -MF .deps/ychar.Tpo -c ychar.cpp -o ychar.o
libtool: compile:  g++ -DHAVE_CONFIG_H -I. -I../../../../.. -I/usr/include/SDL -D_GNU_SOURCE=1 -D_REENTRANT -I../../../../../source/libs/paragui/include -I/usr/lib/x86_64-linux-gnu/wx/include/gtk3-unicode-3.2 -I/usr/include/wx-3.2 -D_FILE_OFFSET_BITS=64 -DWXUSINGDLL -D__WXGTK__ -g -O2 -Wno-sign-compare -D_UNIX_ -D_SDL_ -I/usr/include/freetype2 -I/usr/include/libpng16 -DSIZE_T_not_identical_to_INT -DXVIDEXPORT -MT ystring.lo -MD -MP -MF .deps/ystring.Tpo -c ystring.cpp -o ystring.o
mv -f .deps/ychar.Tpo .deps/ychar.Plo
mv -f .deps/ystring.Tpo .deps/ystring.Plo
/bin/bash ../../../../../libtool  --tag=CXX   --mode=link g++  -g -O2 -Wno-sign-compare -D_UNIX_ -D_SDL_ -I/usr/include/freetype2 -I/usr/include/libpng16   -DSIZE_T_not_identical_to_INT -DXVIDEXPORT   -o libystring.la  ychar.lo ystring.lo  -lpng -lbz2  
libtool: link: ar cr .libs/libystring.a  ychar.o ystring.o
libtool: link: ranlib .libs/libystring.a
libtool: link: ( cd ".libs" && rm -f "libystring.la" && ln -s "../libystring.la" "libystring.la" )
make[6]: Leaving directory '/home/vboxuser/projects/asc-hq-codex/source/libs/paragui/src/ystring'
make[6]: Entering directory '/home/vboxuser/projects/asc-hq-codex/source/libs/paragui/src'
/bin/bash ../../../../libtool  --tag=CXX   --mode=compile g++ -DHAVE_CONFIG_H -I. -I../../../..  -I/usr/include/sigc++-2.0 -I/usr/lib/x86_64-linux-gnu/sigc++-2.0/include  -I/usr/include/SDL -D_GNU_SOURCE=1 -D_REENTRANT -I../../../../source/libs/paragui/include  -I/usr/lib/x86_64-linux-gnu/wx/include/gtk3-unicode-3.2 -I/usr/include/wx-3.2 -D_FILE_OFFSET_BITS=64 -DWXUSINGDLL -D__WXGTK__  -g -O2 -Wno-sign-compare -D_UNIX_ -D_SDL_ -I/usr/include/freetype2 -I/usr/include/libpng16   -DSIZE_T_not_identical_to_INT -DXVIDEXPORT -MT paragui.lo -MD -MP -MF .deps/paragui.Tpo -c -o paragui.lo paragui.cpp
libtool: compile:  g++ -DHAVE_CONFIG_H -I. -I../../../.. -I/usr/include/sigc++-2.0 -I/usr/lib/x86_64-linux-gnu/sigc++-2.0/include -I/usr/include/SDL -D_GNU_SOURCE=1 -D_REENTRANT -I../../../../source/libs/paragui/include -I/usr/lib/x86_64-linux-gnu/wx/include/gtk3-unicode-3.2 -I/usr/include/wx-3.2 -D_FILE_OFFSET_BITS=64 -DWXUSINGDLL -D__WXGTK__ -g -O2 -Wno-sign-compare -D_UNIX_ -D_SDL_ -I/usr/include/freetype2 -I/usr/include/libpng16 -DSIZE_T_not_identical_to_INT -DXVIDEXPORT -MT paragui.lo -MD -MP -MF .deps/paragui.Tpo -c paragui.cpp -o paragui.o
mv -f .deps/paragui.Tpo .deps/paragui.Plo
/bin/bash ../../../../libtool  --tag=CXX   --mode=link g++  -g -O2 -Wno-sign-compare -D_UNIX_ -D_SDL_ -I/usr/include/freetype2 -I/usr/include/libpng16   -DSIZE_T_not_identical_to_INT -DXVIDEXPORT   -o libparagui.la  paragui.lo -lsigc-2.0  -lSDL -lexpat -lphysfs ./draw/libpgdraw.la ./font/libpgfont.la ./core/libpgcore.la ./widgets/libpgwidgets.la ./themes/libtheme.la ./ystring/libystring.la  -lpng -lbz2  
libtool: link: (cd .libs/libparagui.lax/libpgdraw.a && ar x "/home/vboxuser/projects/asc-hq-codex/source/libs/paragui/src/./draw/.libs/libpgdraw.a")
libtool: link: (cd .libs/libparagui.lax/libpgfont.a && ar x "/home/vboxuser/projects/asc-hq-codex/source/libs/paragui/src/./font/.libs/libpgfont.a")
libtool: link: (cd .libs/libparagui.lax/libpgcore.a && ar x "/home/vboxuser/projects/asc-hq-codex/source/libs/paragui/src/./core/.libs/libpgcore.a")
libtool: link: (cd .libs/libparagui.lax/libpgwidgets.a && ar x "/home/vboxuser/projects/asc-hq-codex/source/libs/paragui/src/./widgets/.libs/libpgwidgets.a")
libtool: link: (cd .libs/libparagui.lax/libtheme.a && ar x "/home/vboxuser/projects/asc-hq-codex/source/libs/paragui/src/./themes/.libs/libtheme.a")
libtool: link: (cd .libs/libparagui.lax/libystring.a && ar x "/home/vboxuser/projects/asc-hq-codex/source/libs/paragui/src/./ystring/.libs/libystring.a")
libtool: link: ar cr .libs/libparagui.a  paragui.o  .libs/libparagui.lax/libpgdraw.a/drawline.o .libs/libparagui.lax/libpgdraw.a/drawtile.o .libs/libparagui.lax/libpgdraw.a/gradient.o .libs/libparagui.lax/libpgdraw.a/pgpoint.o .libs/libparagui.lax/libpgdraw.a/pgrect.o .libs/libparagui.lax/libpgdraw.a/rotozoom.o .libs/libparagui.lax/libpgdraw.a/setpixel.o .libs/libparagui.lax/libpgdraw.a/stretch.o .libs/libparagui.lax/libpgdraw.a/surface.o  .libs/libparagui.lax/libpgfont.a/pgfont.o .libs/libparagui.lax/libpgfont.a/pgfont_impl.o  .libs/libparagui.lax/libpgcore.a/missing.o .libs/libparagui.lax/libpgcore.a/pgapplication.o .libs/libparagui.lax/libpgcore.a/pgcolor.o .libs/libparagui.lax/libpgcore.a/pgcolors.o .libs/libparagui.lax/libpgcore.a/pgdatacontainer.o .libs/libparagui.lax/libpgcore.a/pgfile.o .libs/libparagui.lax/libpgcore.a/pgfilearchive.o .libs/libparagui.lax/libpgcore.a/pglog.o .libs/libparagui.lax/libpgcore.a/pgmain.o .libs/libparagui.lax/libpgcore.a/pgmessageobject.o .libs/libparagui.lax/libpgcore.a/pgnavigator.o .libs/libparagui.lax/libpgcore.a/pgrectlist.o .libs/libparagui.lax/libpgcore.a/pgsdleventsupplier.o .libs/libparagui.lax/libpgcore.a/pgsdlscreenupdater.o .libs/libparagui.lax/libpgcore.a/pgsurfacecache.o .libs/libparagui.lax/libpgcore.a/pgtimerobject.o .libs/libparagui.lax/libpgcore.a/physfsrwops.o  .libs/libparagui.lax/libpgwidgets.a/pgbutton.o .libs/libparagui.lax/libpgwidgets.a/pgcheckbutton.o .libs/libparagui.lax/libpgwidgets.a/pgcolorselector.o .libs/libparagui.lax/libpgwidgets.a/pgcolumnitem.o .libs/libparagui.lax/libpgwidgets.a/pgdropdown.o .libs/libparagui.lax/libpgwidgets.a/pgimage.o .libs/libparagui.lax/libpgwidgets.a/pglabel.o .libs/libparagui.lax/libpgwidgets.a/pglayout.o .libs/libparagui.lax/libpgwidgets.a/pglineedit.o .libs/libparagui.lax/libpgwidgets.a/pglistbox.o .libs/libparagui.lax/libpgwidgets.a/pglistboxbaseitem.o .libs/libparagui.lax/libpgwidgets.a/pglistboxitem.o .libs/libparagui.lax/libpgwidgets.a/pgmaskedit.o .libs/libparagui.lax/libpgwidgets.a/pgmenubar.o .libs/libparagui.lax/libpgwidgets.a/pgmessagebox.o .libs/libparagui.lax/libpgwidgets.a/pgmultilineedit.o .libs/libparagui.lax/libpgwidgets.a/pgpopupmenu.o .libs/libparagui.lax/libpgwidgets.a/pgprogressbar.o .libs/libparagui.lax/libpgwidgets.a/pgpropertyeditor.o .libs/libparagui.lax/libpgwidgets.a/pgradiobutton.o .libs/libparagui.lax/libpgwidgets.a/pgrichedit.o .libs/libparagui.lax/libpgwidgets.a/pgscrollarea.o .libs/libparagui.lax/libpgwidgets.a/pgscrollbar.o .libs/libparagui.lax/libpgwidgets.a/pgscrollwidget.o .libs/libparagui.lax/libpgwidgets.a/pgslider.o .libs/libparagui.lax/libpgwidgets.a/pgspinnerbox.o .libs/libparagui.lax/libpgwidgets.a/pgthemewidget.o .libs/libparagui.lax/libpgwidgets.a/pgtooltiphelp.o .libs/libparagui.lax/libpgwidgets.a/pgwidget.o .libs/libparagui.lax/libpgwidgets.a/pgwidgetdnd.o .libs/libparagui.lax/libpgwidgets.a/pgwidgetlist.o .libs/libparagui.lax/libpgwidgets.a/pgwindow.o .libs/libparagui.lax/libpgwidgets.a/propstrings_priv.o  .libs/libparagui.lax/libtheme.a/theme_priv.o .libs/libparagui.lax/libtheme.a/themeloader.o  .libs/libparagui.lax/libystring.a/ychar.o .libs/libparagui.lax/libystring.a/ystring.o 
libtool: link: ranlib .libs/libparagui.a
libtool: link: rm -fr .libs/libparagui.lax
libtool: link: ( cd ".libs" && rm -f "libparagui.la" && ln -s "../libparagui.la" "libparagui.la" )
make[6]: Leaving directory '/home/vboxuser/projects/asc-hq-codex/source/libs/paragui/src'
make[5]: Leaving directory '/home/vboxuser/projects/asc-hq-codex/source/libs/paragui/src'
make[5]: Entering directory '/home/vboxuser/projects/asc-hq-codex/source/libs/paragui'
make[5]: Nothing to be done for 'all-am'.
make[5]: Leaving directory '/home/vboxuser/projects/asc-hq-codex/source/libs/paragui'
make[4]: Leaving directory '/home/vboxuser/projects/asc-hq-codex/source/libs/paragui'
Making all in loki-0.1.6
make[4]: Entering directory '/home/vboxuser/projects/asc-hq-codex/source/libs/loki-0.1.6'
/bin/bash ../../../libtool  --tag=CXX   --mode=compile g++ -DHAVE_CONFIG_H -I. -I../../..   -I/usr/lib/x86_64-linux-gnu/wx/include/gtk3-unicode-3.2 -I/usr/include/wx-3.2 -D_FILE_OFFSET_BITS=64 -DWXUSINGDLL -D__WXGTK__ -I../../../source/libs/loki-0.1.6/include/ -g -O2 -Wno-sign-compare -D_UNIX_ -D_SDL_ -I/usr/include/freetype2 -I/usr/include/libpng16   -DSIZE_T_not_identical_to_INT -DXVIDEXPORT -MT SmallObj.lo -MD -MP -MF .deps/SmallObj.Tpo -c -o SmallObj.lo ./src/SmallObj.cpp
/bin/bash ../../../libtool  --tag=CXX   --mode=compile g++ -DHAVE_CONFIG_H -I. -I../../..   -I/usr/lib/x86_64-linux-gnu/wx/include/gtk3-unicode-3.2 -I/usr/include/wx-3.2 -D_FILE_OFFSET_BITS=64 -DWXUSINGDLL -D__WXGTK__ -I../../../source/libs/loki-0.1.6/include/ -g -O2 -Wno-sign-compare -D_UNIX_ -D_SDL_ -I/usr/include/freetype2 -I/usr/include/libpng16   -DSIZE_T_not_identical_to_INT -DXVIDEXPORT -MT Singleton.lo -MD -MP -MF .deps/Singleton.Tpo -c -o Singleton.lo ./src/Singleton.cpp
libtool: compile:  g++ -DHAVE_CONFIG_H -I. -I../../.. -I/usr/lib/x86_64-linux-gnu/wx/include/gtk3-unicode-3.2 -I/usr/include/wx-3.2 -D_FILE_OFFSET_BITS=64 -DWXUSINGDLL -D__WXGTK__ -I../../../source/libs/loki-0.1.6/include/ -g -O2 -Wno-sign-compare -D_UNIX_ -D_SDL_ -I/usr/include/freetype2 -I/usr/include/libpng16 -DSIZE_T_not_identical_to_INT -DXVIDEXPORT -MT SmallObj.lo -MD -MP -MF .deps/SmallObj.Tpo -c ./src/SmallObj.cpp -o SmallObj.o
libtool: compile:  g++ -DHAVE_CONFIG_H -I. -I../../.. -I/usr/lib/x86_64-linux-gnu/wx/include/gtk3-unicode-3.2 -I/usr/include/wx-3.2 -D_FILE_OFFSET_BITS=64 -DWXUSINGDLL -D__WXGTK__ -I../../../source/libs/loki-0.1.6/include/ -g -O2 -Wno-sign-compare -D_UNIX_ -D_SDL_ -I/usr/include/freetype2 -I/usr/include/libpng16 -DSIZE_T_not_identical_to_INT -DXVIDEXPORT -MT Singleton.lo -MD -MP -MF .deps/Singleton.Tpo -c ./src/Singleton.cpp -o Singleton.o
mv -f .deps/Singleton.Tpo .deps/Singleton.Plo
/bin/bash ../../../libtool  --tag=CXX   --mode=compile g++ -DHAVE_CONFIG_H -I. -I../../..   -I/usr/lib/x86_64-linux-gnu/wx/include/gtk3-unicode-3.2 -I/usr/include/wx-3.2 -D_FILE_OFFSET_BITS=64 -DWXUSINGDLL -D__WXGTK__ -I../../../source/libs/loki-0.1.6/include/ -g -O2 -Wno-sign-compare -D_UNIX_ -D_SDL_ -I/usr/include/freetype2 -I/usr/include/libpng16   -DSIZE_T_not_identical_to_INT -DXVIDEXPORT -MT SmartPtr.lo -MD -MP -MF .deps/SmartPtr.Tpo -c -o SmartPtr.lo ./src/SmartPtr.cpp
libtool: compile:  g++ -DHAVE_CONFIG_H -I. -I../../.. -I/usr/lib/x86_64-linux-gnu/wx/include/gtk3-unicode-3.2 -I/usr/include/wx-3.2 -D_FILE_OFFSET_BITS=64 -DWXUSINGDLL -D__WXGTK__ -I../../../source/libs/loki-0.1.6/include/ -g -O2 -Wno-sign-compare -D_UNIX_ -D_SDL_ -I/usr/include/freetype2 -I/usr/include/libpng16 -DSIZE_T_not_identical_to_INT -DXVIDEXPORT -MT SmartPtr.lo -MD -MP -MF .deps/SmartPtr.Tpo -c ./src/SmartPtr.cpp -o SmartPtr.o
mv -f .deps/SmallObj.Tpo .deps/SmallObj.Plo
In file included from ./src/SmartPtr.cpp:20:
../../../source/libs/loki-0.1.6/include/loki/SmartPtr.h:1753:18: warning: 'template<class _Arg1, class _Arg2, class _Result> struct std::binary_function' is deprecated [-Wdeprecated-declarations]
 1753 |         : public binary_function<Loki::SmartPtr<T, OP, CP, KP, SP, CNP >,
      |                  ^~~~~~~~~~~~~~~
In file included from /usr/include/c++/13/string:49,
                 from /usr/include/c++/13/stdexcept:39,
                 from ../../../source/libs/loki-0.1.6/include/loki/Singleton.h:24,
                 from ../../../source/libs/loki-0.1.6/include/loki/SmallObj.h:23,
                 from ../../../source/libs/loki-0.1.6/include/loki/SmartPtr.h:33:
/usr/include/c++/13/bits/stl_function.h:131:12: note: declared here
  131 |     struct binary_function
      |            ^~~~~~~~~~~~~~~
mv -f .deps/SmartPtr.Tpo .deps/SmartPtr.Plo
/bin/bash ../../../libtool  --tag=CXX   --mode=link g++ -I../../../source/libs/loki-0.1.6/include/ -g -O2 -Wno-sign-compare -D_UNIX_ -D_SDL_ -I/usr/include/freetype2 -I/usr/include/libpng16   -DSIZE_T_not_identical_to_INT -DXVIDEXPORT   -o libloki.la  SmallObj.lo Singleton.lo SmartPtr.lo  -lpng -lbz2  
libtool: link: ar cr .libs/libloki.a  SmallObj.o Singleton.o SmartPtr.o
libtool: link: ranlib .libs/libloki.a
libtool: link: ( cd ".libs" && rm -f "libloki.la" && ln -s "../libloki.la" "libloki.la" )
make[4]: Leaving directory '/home/vboxuser/projects/asc-hq-codex/source/libs/loki-0.1.6'
Making all in revel
make[4]: Entering directory '/home/vboxuser/projects/asc-hq-codex/source/libs/revel'
/bin/bash ../../../libtool  --tag=CC   --mode=compile gcc -DHAVE_CONFIG_H -I. -I../../..   -I/usr/lib/x86_64-linux-gnu/wx/include/gtk3-unicode-3.2 -I/usr/include/wx-3.2 -D_FILE_OFFSET_BITS=64 -DWXUSINGDLL -D__WXGTK__  -g -O2 -D_UNIX_ -D_SDL_   -MT avilib.lo -MD -MP -MF .deps/avilib.Tpo -c -o avilib.lo avilib.c
/bin/bash ../../../libtool  --tag=CXX   --mode=compile g++ -DHAVE_CONFIG_H -I. -I../../..   -I/usr/lib/x86_64-linux-gnu/wx/include/gtk3-unicode-3.2 -I/usr/include/wx-3.2 -D_FILE_OFFSET_BITS=64 -DWXUSINGDLL -D__WXGTK__  -g -O2 -Wno-sign-compare -D_UNIX_ -D_SDL_ -I/usr/include/freetype2 -I/usr/include/libpng16   -DSIZE_T_not_identical_to_INT -DXVIDEXPORT -MT BaseEncoder.lo -MD -MP -MF .deps/BaseEncoder.Tpo -c -o BaseEncoder.lo BaseEncoder.cpp
libtool: compile:  gcc -DHAVE_CONFIG_H -I. -I../../.. -I/usr/lib/x86_64-linux-gnu/wx/include/gtk3-unicode-3.2 -I/usr/include/wx-3.2 -D_FILE_OFFSET_BITS=64 -DWXUSINGDLL -D__WXGTK__ -g -O2 -D_UNIX_ -D_SDL_ -MT avilib.lo -MD -MP -MF .deps/avilib.Tpo -c avilib.c -o avilib.o
libtool: compile:  g++ -DHAVE_CONFIG_H -I. -I../../.. -I/usr/lib/x86_64-linux-gnu/wx/include/gtk3-unicode-3.2 -I/usr/include/wx-3.2 -D_FILE_OFFSET_BITS=64 -DWXUSINGDLL -D__WXGTK__ -g -O2 -Wno-sign-compare -D_UNIX_ -D_SDL_ -I/usr/include/freetype2 -I/usr/include/libpng16 -DSIZE_T_not_identical_to_INT -DXVIDEXPORT -MT BaseEncoder.lo -MD -MP -MF .deps/BaseEncoder.Tpo -c BaseEncoder.cpp -o BaseEncoder.o
BaseEncoder.cpp: In member function 'virtual Revel_Error Revel_BaseEncoder::EncodeStart(const std::string&, const Revel_Params&)':
BaseEncoder.cpp:82:77: warning: ISO C++ forbids converting a string constant to 'char*' [-Wwrite-strings]
   82 |     AVI_set_video(m_outFile, params.width, params.height, params.frameRate, "xvid");
      |                                                                             ^~~~~~
mv -f .deps/BaseEncoder.Tpo .deps/BaseEncoder.Plo
/bin/bash ../../../libtool  --tag=CXX   --mode=compile g++ -DHAVE_CONFIG_H -I. -I../../..   -I/usr/lib/x86_64-linux-gnu/wx/include/gtk3-unicode-3.2 -I/usr/include/wx-3.2 -D_FILE_OFFSET_BITS=64 -DWXUSINGDLL -D__WXGTK__  -g -O2 -Wno-sign-compare -D_UNIX_ -D_SDL_ -I/usr/include/freetype2 -I/usr/include/libpng16   -DSIZE_T_not_identical_to_INT -DXVIDEXPORT -MT revelcore.lo -MD -MP -MF .deps/revelcore.Tpo -c -o revelcore.lo revelcore.cpp
mv -f .deps/avilib.Tpo .deps/avilib.Plo
/bin/bash ../../../libtool  --tag=CXX   --mode=compile g++ -DHAVE_CONFIG_H -I. -I../../..   -I/usr/lib/x86_64-linux-gnu/wx/include/gtk3-unicode-3.2 -I/usr/include/wx-3.2 -D_FILE_OFFSET_BITS=64 -DWXUSINGDLL -D__WXGTK__  -g -O2 -Wno-sign-compare -D_UNIX_ -D_SDL_ -I/usr/include/freetype2 -I/usr/include/libpng16   -DSIZE_T_not_identical_to_INT -DXVIDEXPORT -MT XvidEncoder.lo -MD -MP -MF .deps/XvidEncoder.Tpo -c -o XvidEncoder.lo XvidEncoder.cpp
libtool: compile:  g++ -DHAVE_CONFIG_H -I. -I../../.. -I/usr/lib/x86_64-linux-gnu/wx/include/gtk3-unicode-3.2 -I/usr/include/wx-3.2 -D_FILE_OFFSET_BITS=64 -DWXUSINGDLL -D__WXGTK__ -g -O2 -Wno-sign-compare -D_UNIX_ -D_SDL_ -I/usr/include/freetype2 -I/usr/include/libpng16 -DSIZE_T_not_identical_to_INT -DXVIDEXPORT -MT revelcore.lo -MD -MP -MF .deps/revelcore.Tpo -c revelcore.cpp -o revelcore.o
libtool: compile:  g++ -DHAVE_CONFIG_H -I. -I../../.. -I/usr/lib/x86_64-linux-gnu/wx/include/gtk3-unicode-3.2 -I/usr/include/wx-3.2 -D_FILE_OFFSET_BITS=64 -DWXUSINGDLL -D__WXGTK__ -g -O2 -Wno-sign-compare -D_UNIX_ -D_SDL_ -I/usr/include/freetype2 -I/usr/include/libpng16 -DSIZE_T_not_identical_to_INT -DXVIDEXPORT -MT XvidEncoder.lo -MD -MP -MF .deps/XvidEncoder.Tpo -c XvidEncoder.cpp -o XvidEncoder.o
mv -f .deps/XvidEncoder.Tpo .deps/XvidEncoder.Plo
mv -f .deps/revelcore.Tpo .deps/revelcore.Plo
/bin/bash ../../../libtool  --tag=CXX   --mode=link g++  -g -O2 -Wno-sign-compare -D_UNIX_ -D_SDL_ -I/usr/include/freetype2 -I/usr/include/libpng16   -DSIZE_T_not_identical_to_INT -DXVIDEXPORT   -o librevel.la  avilib.lo BaseEncoder.lo revelcore.lo XvidEncoder.lo  -lpng -lbz2  
libtool: link: ar cr .libs/librevel.a  avilib.o BaseEncoder.o revelcore.o XvidEncoder.o
libtool: link: ranlib .libs/librevel.a
libtool: link: ( cd ".libs" && rm -f "librevel.la" && ln -s "../librevel.la" "librevel.la" )
make[4]: Leaving directory '/home/vboxuser/projects/asc-hq-codex/source/libs/revel'
make[4]: Entering directory '/home/vboxuser/projects/asc-hq-codex/source/libs'
make[4]: Nothing to be done for 'all-am'.
make[4]: Leaving directory '/home/vboxuser/projects/asc-hq-codex/source/libs'
make[3]: Leaving directory '/home/vboxuser/projects/asc-hq-codex/source/libs'
Making all in sdl
make[3]: Entering directory '/home/vboxuser/projects/asc-hq-codex/source/sdl'
/bin/bash ../../libtool  --tag=CXX   --mode=compile g++ -DHAVE_CONFIG_H -I. -I../..  -I -I../..  -I/usr/lib/x86_64-linux-gnu/wx/include/gtk3-unicode-3.2 -I/usr/include/wx-3.2 -D_FILE_OFFSET_BITS=64 -DWXUSINGDLL -D__WXGTK__ -I/usr/include/SDL -D_GNU_SOURCE=1 -D_REENTRANT  -I/usr/include/sigc++-2.0 -I/usr/lib/x86_64-linux-gnu/sigc++-2.0/include  -I../../source/libs/loki-0.1.6/include/ -g -O2 -Wno-sign-compare -D_UNIX_ -D_SDL_ -I/usr/include/freetype2 -I/usr/include/libpng16   -DSIZE_T_not_identical_to_INT -DXVIDEXPORT -MT graphics.lo -MD -MP -MF .deps/graphics.Tpo -c -o graphics.lo graphics.cpp
/bin/bash ../../libtool  --tag=CXX   --mode=compile g++ -DHAVE_CONFIG_H -I. -I../..  -I -I../..  -I/usr/lib/x86_64-linux-gnu/wx/include/gtk3-unicode-3.2 -I/usr/include/wx-3.2 -D_FILE_OFFSET_BITS=64 -DWXUSINGDLL -D__WXGTK__ -I/usr/include/SDL -D_GNU_SOURCE=1 -D_REENTRANT  -I/usr/include/sigc++-2.0 -I/usr/lib/x86_64-linux-gnu/sigc++-2.0/include  -I../../source/libs/loki-0.1.6/include/ -g -O2 -Wno-sign-compare -D_UNIX_ -D_SDL_ -I/usr/include/freetype2 -I/usr/include/libpng16   -DSIZE_T_not_identical_to_INT -DXVIDEXPORT -MT events.lo -MD -MP -MF .deps/events.Tpo -c -o events.lo events.cpp
libtool: compile:  g++ -DHAVE_CONFIG_H -I. -I../.. -I -I../.. -I/usr/lib/x86_64-linux-gnu/wx/include/gtk3-unicode-3.2 -I/usr/include/wx-3.2 -D_FILE_OFFSET_BITS=64 -DWXUSINGDLL -D__WXGTK__ -I/usr/include/SDL -D_GNU_SOURCE=1 -D_REENTRANT -I/usr/include/sigc++-2.0 -I/usr/lib/x86_64-linux-gnu/sigc++-2.0/include -I../../source/libs/loki-0.1.6/include/ -g -O2 -Wno-sign-compare -D_UNIX_ -D_SDL_ -I/usr/include/freetype2 -I/usr/include/libpng16 -DSIZE_T_not_identical_to_INT -DXVIDEXPORT -MT events.lo -MD -MP -MF .deps/events.Tpo -c events.cpp -o events.o
libtool: compile:  g++ -DHAVE_CONFIG_H -I. -I../.. -I -I../.. -I/usr/lib/x86_64-linux-gnu/wx/include/gtk3-unicode-3.2 -I/usr/include/wx-3.2 -D_FILE_OFFSET_BITS=64 -DWXUSINGDLL -D__WXGTK__ -I/usr/include/SDL -D_GNU_SOURCE=1 -D_REENTRANT -I/usr/include/sigc++-2.0 -I/usr/lib/x86_64-linux-gnu/sigc++-2.0/include -I../../source/libs/loki-0.1.6/include/ -g -O2 -Wno-sign-compare -D_UNIX_ -D_SDL_ -I/usr/include/freetype2 -I/usr/include/libpng16 -DSIZE_T_not_identical_to_INT -DXVIDEXPORT -MT graphics.lo -MD -MP -MF .deps/graphics.Tpo -c graphics.cpp -o graphics.o
mv -f .deps/graphics.Tpo .deps/graphics.Plo
/bin/bash ../../libtool  --tag=CXX   --mode=compile g++ -DHAVE_CONFIG_H -I. -I../..  -I -I../..  -I/usr/lib/x86_64-linux-gnu/wx/include/gtk3-unicode-3.2 -I/usr/include/wx-3.2 -D_FILE_OFFSET_BITS=64 -DWXUSINGDLL -D__WXGTK__ -I/usr/include/SDL -D_GNU_SOURCE=1 -D_REENTRANT  -I/usr/include/sigc++-2.0 -I/usr/lib/x86_64-linux-gnu/sigc++-2.0/include  -I../../source/libs/loki-0.1.6/include/ -g -O2 -Wno-sign-compare -D_UNIX_ -D_SDL_ -I/usr/include/freetype2 -I/usr/include/libpng16   -DSIZE_T_not_identical_to_INT -DXVIDEXPORT -MT sound.lo -MD -MP -MF .deps/sound.Tpo -c -o sound.lo sound.cpp
libtool: compile:  g++ -DHAVE_CONFIG_H -I. -I../.. -I -I../.. -I/usr/lib/x86_64-linux-gnu/wx/include/gtk3-unicode-3.2 -I/usr/include/wx-3.2 -D_FILE_OFFSET_BITS=64 -DWXUSINGDLL -D__WXGTK__ -I/usr/include/SDL -D_GNU_SOURCE=1 -D_REENTRANT -I/usr/include/sigc++-2.0 -I/usr/lib/x86_64-linux-gnu/sigc++-2.0/include -I../../source/libs/loki-0.1.6/include/ -g -O2 -Wno-sign-compare -D_UNIX_ -D_SDL_ -I/usr/include/freetype2 -I/usr/include/libpng16 -DSIZE_T_not_identical_to_INT -DXVIDEXPORT -MT sound.lo -MD -MP -MF .deps/sound.Tpo -c sound.cpp -o sound.o
mv -f .deps/events.Tpo .deps/events.Plo
/bin/bash ../../libtool  --tag=CXX   --mode=link g++ -I/usr/include/SDL -D_GNU_SOURCE=1 -D_REENTRANT  -I/usr/include/sigc++-2.0 -I/usr/lib/x86_64-linux-gnu/sigc++-2.0/include  -I../../source/libs/loki-0.1.6/include/ -g -O2 -Wno-sign-compare -D_UNIX_ -D_SDL_ -I/usr/include/freetype2 -I/usr/include/libpng16   -DSIZE_T_not_identical_to_INT -DXVIDEXPORT   -o libsdl.la  graphics.lo events.lo -lSDL -lSDL_image  -lpng -lbz2  
libtool: link: ar cr .libs/libsdl.a  graphics.o events.o
libtool: link: ranlib .libs/libsdl.a
libtool: link: ( cd ".libs" && rm -f "libsdl.la" && ln -s "../libsdl.la" "libsdl.la" )
mv -f .deps/sound.Tpo .deps/sound.Plo
/bin/bash ../../libtool  --tag=CXX   --mode=link g++ -I/usr/include/SDL -D_GNU_SOURCE=1 -D_REENTRANT  -I/usr/include/sigc++-2.0 -I/usr/lib/x86_64-linux-gnu/sigc++-2.0/include  -I../../source/libs/loki-0.1.6/include/ -g -O2 -Wno-sign-compare -D_UNIX_ -D_SDL_ -I/usr/include/freetype2 -I/usr/include/libpng16   -DSIZE_T_not_identical_to_INT -DXVIDEXPORT   -o libsdlsnd.la  sound.lo -lSDL -lSDL_mixer -lSDL_sound  -lpng -lbz2  
libtool: link: ar cr .libs/libsdlsnd.a  sound.o
libtool: link: ranlib .libs/libsdlsnd.a
libtool: link: ( cd ".libs" && rm -f "libsdlsnd.la" && ln -s "../libsdlsnd.la" "libsdlsnd.la" )
make[3]: Leaving directory '/home/vboxuser/projects/asc-hq-codex/source/sdl'
Making all in util
make[3]: Entering directory '/home/vboxuser/projects/asc-hq-codex/source/util'
/bin/bash ../../libtool  --tag=CXX   --mode=compile g++ -DHAVE_CONFIG_H -I. -I../..   -I/usr/lib/x86_64-linux-gnu/wx/include/gtk3-unicode-3.2 -I/usr/include/wx-3.2 -D_FILE_OFFSET_BITS=64 -DWXUSINGDLL -D__WXGTK__ -I/usr/include/SDL -D_GNU_SOURCE=1 -D_REENTRANT -I/usr/include/sigc++-2.0 -I/usr/lib/x86_64-linux-gnu/sigc++-2.0/include   -I../../source/libs/loki-0.1.6/include/ -g -O2 -Wno-sign-compare -D_UNIX_ -D_SDL_ -I/usr/include/freetype2 -I/usr/include/libpng16   -DSIZE_T_not_identical_to_INT -DXVIDEXPORT -MT messaginghub.lo -MD -MP -MF .deps/messaginghub.Tpo -c -o messaginghub.lo messaginghub.cpp
libtool: compile:  g++ -DHAVE_CONFIG_H -I. -I../.. -I/usr/lib/x86_64-linux-gnu/wx/include/gtk3-unicode-3.2 -I/usr/include/wx-3.2 -D_FILE_OFFSET_BITS=64 -DWXUSINGDLL -D__WXGTK__ -I/usr/include/SDL -D_GNU_SOURCE=1 -D_REENTRANT -I/usr/include/sigc++-2.0 -I/usr/lib/x86_64-linux-gnu/sigc++-2.0/include -I../../source/libs/loki-0.1.6/include/ -g -O2 -Wno-sign-compare -D_UNIX_ -D_SDL_ -I/usr/include/freetype2 -I/usr/include/libpng16 -DSIZE_T_not_identical_to_INT -DXVIDEXPORT -MT messaginghub.lo -MD -MP -MF .deps/messaginghub.Tpo -c messaginghub.cpp -o messaginghub.o
mv -f .deps/messaginghub.Tpo .deps/messaginghub.Plo
/bin/bash ../../libtool  --tag=CXX   --mode=link g++ -I/usr/include/SDL -D_GNU_SOURCE=1 -D_REENTRANT -I/usr/include/sigc++-2.0 -I/usr/lib/x86_64-linux-gnu/sigc++-2.0/include   -I../../source/libs/loki-0.1.6/include/ -g -O2 -Wno-sign-compare -D_UNIX_ -D_SDL_ -I/usr/include/freetype2 -I/usr/include/libpng16   -DSIZE_T_not_identical_to_INT -DXVIDEXPORT   -o libutil.la  messaginghub.lo -lSDL  -lpng -lbz2  
libtool: link: ar cr .libs/libutil.a  messaginghub.o
libtool: link: ranlib .libs/libutil.a
libtool: link: ( cd ".libs" && rm -f "libutil.la" && ln -s "../libutil.la" "libutil.la" )
make[3]: Leaving directory '/home/vboxuser/projects/asc-hq-codex/source/util'
Making all in ai
make[3]: Entering directory '/home/vboxuser/projects/asc-hq-codex/source/ai'
Making all in mcts
make[4]: Entering directory '/home/vboxuser/projects/asc-hq-codex/source/ai/mcts'
g++ -DHAVE_CONFIG_H -I. -I../../..  -I../../../source -I../../../source/libs/paragui/include -I../../../source/libs/loki-0.1.6/include/ -I/usr/lib/x86_64-linux-gnu/wx/include/gtk3-unicode-3.2 -I/usr/include/wx-3.2 -D_FILE_OFFSET_BITS=64 -DWXUSINGDLL -D__WXGTK__ -I/usr/include/SDL -D_GNU_SOURCE=1 -D_REENTRANT -I/usr/include/sigc++-2.0 -I/usr/lib/x86_64-linux-gnu/sigc++-2.0/include  -std=c++23 -g -O2 -Wno-sign-compare -D_UNIX_ -D_SDL_ -I/usr/include/freetype2 -I/usr/include/libpng16   -DSIZE_T_not_identical_to_INT -DXVIDEXPORT -MT snapshot_test.o -MD -MP -MF .deps/snapshot_test.Tpo -c -o snapshot_test.o `test -f 'domain/snapshot_test.cpp' || echo './'`domain/snapshot_test.cpp
/bin/bash ../../../libtool  --tag=CXX   --mode=compile g++ -DHAVE_CONFIG_H -I. -I../../..  -I../../../source -I../../../source/libs/paragui/include -I../../../source/libs/loki-0.1.6/include/ -I/usr/lib/x86_64-linux-gnu/wx/include/gtk3-unicode-3.2 -I/usr/include/wx-3.2 -D_FILE_OFFSET_BITS=64 -DWXUSINGDLL -D__WXGTK__ -I/usr/include/SDL -D_GNU_SOURCE=1 -D_REENTRANT -I/usr/include/sigc++-2.0 -I/usr/lib/x86_64-linux-gnu/sigc++-2.0/include  -std=c++23 -g -O2 -Wno-sign-compare -D_UNIX_ -D_SDL_ -I/usr/include/freetype2 -I/usr/include/libpng16   -DSIZE_T_not_identical_to_INT -DXVIDEXPORT -MT unit_snapshot.lo -MD -MP -MF .deps/unit_snapshot.Tpo -c -o unit_snapshot.lo `test -f 'domain/unit_snapshot.cpp' || echo './'`domain/unit_snapshot.cpp
libtool: compile:  g++ -DHAVE_CONFIG_H -I. -I../../.. -I../../../source -I../../../source/libs/paragui/include -I../../../source/libs/loki-0.1.6/include/ -I/usr/lib/x86_64-linux-gnu/wx/include/gtk3-unicode-3.2 -I/usr/include/wx-3.2 -D_FILE_OFFSET_BITS=64 -DWXUSINGDLL -D__WXGTK__ -I/usr/include/SDL -D_GNU_SOURCE=1 -D_REENTRANT -I/usr/include/sigc++-2.0 -I/usr/lib/x86_64-linux-gnu/sigc++-2.0/include -std=c++23 -g -O2 -Wno-sign-compare -D_UNIX_ -D_SDL_ -I/usr/include/freetype2 -I/usr/include/libpng16 -DSIZE_T_not_identical_to_INT -DXVIDEXPORT -MT unit_snapshot.lo -MD -MP -MF .deps/unit_snapshot.Tpo -c domain/unit_snapshot.cpp -o unit_snapshot.o
In file included from domain/game_state_snapshot.h:14,
                 from domain/snapshot_test.cpp:13:
domain/cpp23_compat.h:32:91: note: ‘#pragma message: Using std::map fallback - std::flat_map not available (requires GCC 14+ or Clang 17+)’
   32 |    "Using std::map fallback - std::flat_map not available (requires GCC 14+ or Clang 17+)")
      |                                                                                           ^
domain/cpp23_compat.h:33:94: note: ‘#pragma message: Performance: Clone time will be ~0.3ms instead of 0.15ms with std::flat_map’
   33 | #pragma message("Performance: Clone time will be ~0.3ms instead of 0.15ms with std::flat_map")
      |                                                                                              ^
domain/cpp23_compat.h:34:79: note: ‘#pragma message: Consider upgrading to GCC 14+ for 2× faster snapshot cloning’
   34 | #pragma message("Consider upgrading to GCC 14+ for 2× faster snapshot cloning")
      |                                                                               ^
In file included from ../../../source/libs/loki-0.1.6/include/loki/Singleton.h:22,
                 from ../../../source/util/messaginghub.h:26,
                 from ../../../source/typen.h:41,
                 from domain/unit_snapshot.cpp:9:
../../../source/libs/loki-0.1.6/include/loki/Threads.h: In static member function 'static Loki::SingleThreaded<Host, MutexPolicy>::IntType Loki::SingleThreaded<Host, MutexPolicy>::AtomicIncrement(volatile IntType&)':
../../../source/libs/loki-0.1.6/include/loki/Threads.h:230:20: warning: '++' expression of 'volatile'-qualified type is deprecated [-Wvolatile]
  230 |         { return ++lval; }
      |                    ^~~~
../../../source/libs/loki-0.1.6/include/loki/Threads.h: In static member function 'static Loki::SingleThreaded<Host, MutexPolicy>::IntType Loki::SingleThreaded<Host, MutexPolicy>::AtomicDecrement(volatile IntType&)':
../../../source/libs/loki-0.1.6/include/loki/Threads.h:233:20: warning: '--' expression of 'volatile'-qualified type is deprecated [-Wvolatile]
  233 |         { return --lval; }
      |                    ^~~~
mv -f .deps/unit_snapshot.Tpo .deps/unit_snapshot.Plo
/bin/bash ../../../libtool  --tag=CXX   --mode=compile g++ -DHAVE_CONFIG_H -I. -I../../..  -I../../../source -I../../../source/libs/paragui/include -I../../../source/libs/loki-0.1.6/include/ -I/usr/lib/x86_64-linux-gnu/wx/include/gtk3-unicode-3.2 -I/usr/include/wx-3.2 -D_FILE_OFFSET_BITS=64 -DWXUSINGDLL -D__WXGTK__ -I/usr/include/SDL -D_GNU_SOURCE=1 -D_REENTRANT -I/usr/include/sigc++-2.0 -I/usr/lib/x86_64-linux-gnu/sigc++-2.0/include  -std=c++23 -g -O2 -Wno-sign-compare -D_UNIX_ -D_SDL_ -I/usr/include/freetype2 -I/usr/include/libpng16   -DSIZE_T_not_identical_to_INT -DXVIDEXPORT -MT game_state_reader.lo -MD -MP -MF .deps/game_state_reader.Tpo -c -o game_state_reader.lo `test -f 'domain/game_state_reader.cpp' || echo './'`domain/game_state_reader.cpp
libtool: compile:  g++ -DHAVE_CONFIG_H -I. -I../../.. -I../../../source -I../../../source/libs/paragui/include -I../../../source/libs/loki-0.1.6/include/ -I/usr/lib/x86_64-linux-gnu/wx/include/gtk3-unicode-3.2 -I/usr/include/wx-3.2 -D_FILE_OFFSET_BITS=64 -DWXUSINGDLL -D__WXGTK__ -I/usr/include/SDL -D_GNU_SOURCE=1 -D_REENTRANT -I/usr/include/sigc++-2.0 -I/usr/lib/x86_64-linux-gnu/sigc++-2.0/include -std=c++23 -g -O2 -Wno-sign-compare -D_UNIX_ -D_SDL_ -I/usr/include/freetype2 -I/usr/include/libpng16 -DSIZE_T_not_identical_to_INT -DXVIDEXPORT -MT game_state_reader.lo -MD -MP -MF .deps/game_state_reader.Tpo -c domain/game_state_reader.cpp -o game_state_reader.o
In file included from domain/game_state_snapshot.h:14,
                 from domain/game_state_reader.cpp:9:
domain/cpp23_compat.h:32:91: note: '#pragma message: Using std::map fallback - std::flat_map not available (requires GCC 14+ or Clang 17+)'
   32 |    "Using std::map fallback - std::flat_map not available (requires GCC 14+ or Clang 17+)")
      |                                                                                           ^
domain/cpp23_compat.h:33:94: note: '#pragma message: Performance: Clone time will be ~0.3ms instead of 0.15ms with std::flat_map'
   33 | #pragma message("Performance: Clone time will be ~0.3ms instead of 0.15ms with std::flat_map")
      |                                                                                              ^
domain/cpp23_compat.h:34:79: note: '#pragma message: Consider upgrading to GCC 14+ for 2× faster snapshot cloning'
   34 | #pragma message("Consider upgrading to GCC 14+ for 2× faster snapshot cloning")
      |                                                                               ^
In file included from ../../../source/gamemap.h:25,
                 from domain/game_state_reader.cpp:10:
../../../source/baseaiinterface.h:49:14: error: 'tnstream' has not been declared
   49 |    void read(tnstream& stream);
      |              ^~~~~~~~
../../../source/baseaiinterface.h:50:15: error: 'tnstream' has not been declared
   50 |    void write(tnstream& stream);
      |               ^~~~~~~~
../../../source/baseaiinterface.h:81:14: error: 'tnstream' has not been declared
   81 |    void read(tnstream& stream);
      |              ^~~~~~~~
../../../source/baseaiinterface.h:82:15: error: 'tnstream' has not been declared
   82 |    void write(tnstream& stream);
      |               ^~~~~~~~
../../../source/baseaiinterface.h:112:12: error: 'vector' does not name a type
  112 |    typedef vector<AiParameter::Job> JobList;
      |            ^~~~~~
../../../source/baseaiinterface.h:128:22: error: 'JobList' does not name a type
  128 |    void setJob(const JobList& jobs);
      |                      ^~~~~~~
../../../source/baseaiinterface.h:133:4: error: 'GameTime' does not name a type
  133 |    GameTime damageTime;
      |    ^~~~~~~~
../../../source/baseaiinterface.h:135:4: error: 'MapCoordinate3D' does not name a type
  135 |    MapCoordinate3D dest;
      |    ^~~~~~~~~~~~~~~
../../../source/baseaiinterface.h:145:14: error: 'tnstream' has not been declared
  145 |    void read(tnstream& stream);
      |              ^~~~~~~~
../../../source/baseaiinterface.h:146:15: error: 'tnstream' has not been declared
  146 |    void write(tnstream& stream);
      |               ^~~~~~~~
../../../source/baseaiinterface.h:150:4: error: 'JobList' does not name a type
  150 |    JobList jobs;
      |    ^~~~~~~
../../../source/baseaiinterface.h: In member function 'AiParameter::Job AiParameter::getJob()':
../../../source/baseaiinterface.h:118:20: error: 'jobs' was not declared in this scope
  118 |       if (jobPos < jobs.size())
      |                    ^~~~
../../../source/baseaiinterface.h: At global scope:
../../../source/baseaiinterface.h:158:12: error: 'VisibilityStates' does not name a type
  158 |    virtual VisibilityStates getVision(void) = 0;
      |            ^~~~~~~~~~~~~~~~
../../../source/baseaiinterface.h:159:22: error: 'tnstream' has not been declared
  159 |    virtual void read(tnstream& stream) = 0;
      |                      ^~~~~~~~
../../../source/baseaiinterface.h:160:23: error: 'tnstream' has not been declared
  160 |    virtual void write(tnstream& stream) const = 0;
      |                       ^~~~~~~~
In file included from ../../../source/libs/loki-0.1.6/include/loki/Singleton.h:22,
                 from ../../../source/util/messaginghub.h:26,
                 from ../../../source/typen.h:41,
                 from ../../../source/overviewmapimage.h:22,
                 from ../../../source/objects.h:27,
                 from ../../../source/containerbasetype.h:23,
                 from ../../../source/buildingtype.h:27,
                 from ../../../source/buildings.h:26,
                 from ../../../source/gamemap.h:27:
../../../source/libs/loki-0.1.6/include/loki/Threads.h: In static member function 'static Loki::SingleThreaded<Host, MutexPolicy>::IntType Loki::SingleThreaded<Host, MutexPolicy>::AtomicIncrement(volatile IntType&)':
../../../source/libs/loki-0.1.6/include/loki/Threads.h:230:20: warning: '++' expression of 'volatile'-qualified type is deprecated [-Wvolatile]
  230 |         { return ++lval; }
      |                    ^~~~
../../../source/libs/loki-0.1.6/include/loki/Threads.h: In static member function 'static Loki::SingleThreaded<Host, MutexPolicy>::IntType Loki::SingleThreaded<Host, MutexPolicy>::AtomicDecrement(volatile IntType&)':
../../../source/libs/loki-0.1.6/include/loki/Threads.h:233:20: warning: '--' expression of 'volatile'-qualified type is deprecated [-Wvolatile]
  233 |         { return --lval; }
      |                    ^~~~
mv -f .deps/snapshot_test.Tpo .deps/snapshot_test.Po
/bin/bash ../../../libtool  --tag=CXX   --mode=compile g++ -DHAVE_CONFIG_H -I. -I../../..  -I../../../source -I../../../source/libs/paragui/include -I../../../source/libs/loki-0.1.6/include/ -I/usr/lib/x86_64-linux-gnu/wx/include/gtk3-unicode-3.2 -I/usr/include/wx-3.2 -D_FILE_OFFSET_BITS=64 -DWXUSINGDLL -D__WXGTK__ -I/usr/include/SDL -D_GNU_SOURCE=1 -D_REENTRANT -I/usr/include/sigc++-2.0 -I/usr/lib/x86_64-linux-gnu/sigc++-2.0/include  -std=c++23 -g -O2 -Wno-sign-compare -D_UNIX_ -D_SDL_ -I/usr/include/freetype2 -I/usr/include/libpng16   -DSIZE_T_not_identical_to_INT -DXVIDEXPORT -MT action_types.lo -MD -MP -MF .deps/action_types.Tpo -c -o action_types.lo `test -f 'domain/action_types.cpp' || echo './'`domain/action_types.cpp
libtool: compile:  g++ -DHAVE_CONFIG_H -I. -I../../.. -I../../../source -I../../../source/libs/paragui/include -I../../../source/libs/loki-0.1.6/include/ -I/usr/lib/x86_64-linux-gnu/wx/include/gtk3-unicode-3.2 -I/usr/include/wx-3.2 -D_FILE_OFFSET_BITS=64 -DWXUSINGDLL -D__WXGTK__ -I/usr/include/SDL -D_GNU_SOURCE=1 -D_REENTRANT -I/usr/include/sigc++-2.0 -I/usr/lib/x86_64-linux-gnu/sigc++-2.0/include -std=c++23 -g -O2 -Wno-sign-compare -D_UNIX_ -D_SDL_ -I/usr/include/freetype2 -I/usr/include/libpng16 -DSIZE_T_not_identical_to_INT -DXVIDEXPORT -MT action_types.lo -MD -MP -MF .deps/action_types.Tpo -c domain/action_types.cpp -o action_types.o
make[4]: *** [Makefile:621: game_state_reader.lo] Error 1
make[4]: *** Waiting for unfinished jobs....
mv -f .deps/action_types.Tpo .deps/action_types.Plo
make[4]: Leaving directory '/home/vboxuser/projects/asc-hq-codex/source/ai/mcts'
make[3]: *** [Makefile:533: all-recursive] Error 1
make[3]: Leaving directory '/home/vboxuser/projects/asc-hq-codex/source/ai'
make[2]: *** [Makefile:428: all-recursive] Error 1
make[2]: Leaving directory '/home/vboxuser/projects/asc-hq-codex/source'
make[1]: *** [Makefile:537: all-recursive] Error 1
make[1]: Leaving directory '/home/vboxuser/projects/asc-hq-codex'
make: *** [Makefile:440: all] Error 2
